,heating_temp_vip,lee_wind_min_vip,assim_vip,scr_enrg_vip,scr_blck_vip,CO2_vip
0,13.2,0.0,0.0,100.0,0.0,200.0
1,13.2,0.0,0.0,100.0,0.0,200.0
2,13.5,0.0,0.0,100.0,0.0,200.0
3,14.8,0.0,0.0,100.0,0.0,200.0
4,12.5,0.0,0.0,100.0,0.0,200.0
5,12.3,0.0,0.0,100.0,0.0,200.0
6,13.0,0.0,0.0,100.0,0.0,538.0
7,14.0,0.0,0.0,100.0,0.0,538.0
8,15.0,0.0,0.0,100.0,0.0,538.0
9,16.8,0.0,0.0,100.0,0.0,538.0
10,19.3,0.0,0.0,100.0,100.0,679.0
11,20.8,0.0,0.0,100.0,100.0,679.0
12,22.3,0.0,0.0,100.0,100.0,679.0
13,23.4,0.0,0.0,100.0,100.0,679.0
14,23.7,0.0,0.0,100.0,100.0,679.0
15,23.7,0.0,0.0,100.0,100.0,679.0
16,21.8,0.0,0.0,5.0,0.0,563.999995
17,19.8,0.0,0.0,5.0,100.0,577.999996
18,18.0,0.0,0.0,5.0,100.0,530.0
19,13.1,0.0,0.0,5.0,100.0,735.99998
20,14.3,0.0,0.0,5.0,100.0,200.0
21,14.3,0.0,0.0,5.0,100.0,200.0
22,14.3,0.0,0.0,5.0,100.0,200.0
23,14.3,0.0,0.0,5.0,100.0,200.0
24,14.3,0.0,0.0,5.0,100.0,200.0
25,14.3,0.0,0.0,5.0,100.0,200.0
26,14.3,0.0,0.0,5.0,100.0,200.0
27,14.3,0.0,0.0,5.0,100.0,200.0
28,14.3,0.0,0.0,5.0,100.0,200.0
29,14.3,0.0,0.0,5.0,100.0,200.0
30,14.3,0.0,0.0,5.0,100.0,200.0
31,14.3,0.0,0.0,5.0,100.0,200.0
32,14.3,0.0,0.0,5.0,100.0,200.0
33,14.3,0.0,0.0,5.0,100.0,200.0
34,14.3,0.0,0.0,5.0,100.0,200.0
35,14.3,0.0,0.0,5.0,100.0,200.0
36,14.3,0.0,0.0,5.0,100.0,200.0
37,14.3,0.0,0.0,5.0,100.0,200.0
38,14.3,0.0,0.0,5.0,100.0,200.0
39,24.0,0.0,0.0,5.0,0.0,628.0
40,15.000001,0.0,0.0,5.0,0.0,757.999978
41,20.2,5.0,0.0,0.0,0.0,773.999972
42,17.9,5.0,0.0,100.0,100.0,597.0
43,16.4,5.0,0.0,100.0,100.0,616.999996
44,13.5,5.0,0.0,100.0,100.0,200.000015
45,13.3,5.0,0.0,100.0,100.0,350.0
46,13.3,5.0,0.0,100.0,100.0,350.0
47,13.3,5.0,0.0,100.0,100.0,350.0
48,13.3,5.0,0.0,100.0,100.0,350.0
49,14.5,5.0,0.0,100.0,100.0,350.0
50,14.7,5.0,0.0,100.0,100.0,350.0
51,13.5,5.0,0.0,100.0,100.0,200.0
52,14.1,5.0,0.0,100.0,100.0,350.0
53,14.7,5.0,0.0,100.0,100.0,539.999995
54,15.9,5.0,0.0,100.0,100.0,577.0
55,16.3,5.0,0.0,100.0,100.0,577.0
56,16.7,5.0,0.0,33.299999,100.0,775.999993
57,17.9,5.0,0.0,0.0,0.0,737.0
58,18.7,5.0,0.0,0.0,0.0,754.0
59,18.7,5.0,0.0,0.0,0.0,754.0
60,18.7,5.0,0.0,0.0,0.0,754.0
61,19.4,5.0,0.0,0.0,0.0,754.0
62,19.7,5.0,67.9,0.0,0.0,754.0
63,19.7,5.0,67.9,0.0,0.0,754.0
64,18.8,5.0,67.9,0.0,0.0,754.0
65,17.6,5.0,67.9,0.0,0.0,754.0
66,16.9,5.0,67.9,100.0,100.0,754.0
67,15.3,5.0,40.700001,100.0,100.0,754.0
68,14.9,5.0,0.0,100.0,100.0,350.0
69,14.9,5.0,0.0,100.0,100.0,350.0
70,14.9,5.0,0.0,100.0,100.0,350.0
71,14.9,5.0,0.0,100.0,100.0,350.0
72,14.9,5.0,0.0,100.0,100.0,350.0
73,14.9,5.0,0.0,100.0,100.0,350.0
74,14.9,5.0,0.0,100.0,100.0,350.0
75,14.9,5.0,0.0,100.0,100.0,350.0
76,14.9,5.0,0.0,100.0,100.0,350.0
77,14.9,5.0,0.0,100.0,100.0,350.0
78,14.9,5.0,0.0,100.0,100.0,350.0
79,14.9,5.0,0.0,100.0,100.0,350.0
80,14.9,5.0,0.0,100.0,100.0,350.0
81,14.9,5.0,0.0,100.0,100.0,350.0
82,14.9,5.0,0.0,100.0,100.0,350.0
83,14.9,5.0,0.0,100.0,100.0,350.0
84,14.9,5.0,0.0,100.0,100.0,350.0
85,14.9,5.0,0.0,100.0,100.0,350.0
86,14.9,5.0,0.0,100.0,100.0,350.0
87,14.9,5.0,0.0,100.0,100.0,350.0
88,18.8,5.0,59.8,0.0,0.0,556.0
89,17.7,5.0,50.600002,0.0,0.0,560.000015
90,16.9,5.0,66.2,100.0,100.0,533.0
91,15.2,5.0,44.100001,100.0,100.0,533.0
92,13.4,5.0,0.0,100.0,100.0,350.0
93,13.4,5.0,0.0,100.0,100.0,350.0
94,13.4,5.0,0.0,100.0,100.0,350.0
95,13.4,5.0,0.0,100.0,100.0,350.0
96,13.4,5.0,0.0,100.0,100.0,350.0
97,13.4,5.0,0.0,100.0,100.0,350.0
98,13.4,5.0,0.0,100.0,100.0,350.0
99,13.4,5.0,0.0,100.0,100.0,350.0
100,13.4,5.0,0.0,100.0,100.0,350.0
101,13.7,5.0,72.699998,100.0,100.0,540.000018
102,14.8,5.0,50.8,100.0,100.0,718.0
103,15.8,5.0,50.8,100.0,100.0,718.0
104,16.6,5.0,50.8,16.699999,16.699999,718.0
105,17.7,5.0,50.8,0.0,0.0,718.0
106,18.9,5.0,50.8,0.0,0.0,718.0
107,20.0,5.0,0.0,0.0,0.0,718.0
108,21.1,5.0,0.0,0.0,0.0,718.0
109,21.2,5.0,0.0,0.0,0.0,718.0
110,21.2,5.0,0.0,0.0,0.0,718.0
111,20.1,5.0,0.0,0.0,0.0,718.0
112,18.8,5.0,50.8,0.0,0.0,718.0
113,17.6,5.0,50.8,0.0,0.0,718.0
114,16.8,5.0,50.8,100.0,100.0,718.0
115,14.9,5.0,37.000001,100.0,100.0,718.0
116,13.0,5.0,0.0,100.0,100.0,350.0
117,13.0,5.0,0.0,100.0,100.0,350.0
118,13.0,5.0,0.0,100.0,100.0,350.0
119,13.0,5.0,0.0,100.0,100.0,350.0
120,13.0,5.0,0.0,100.0,100.0,350.0
121,13.0,5.0,0.0,100.0,100.0,350.0
122,13.0,5.0,0.0,100.0,100.0,350.0
123,13.0,5.0,0.0,100.0,100.0,350.0
124,13.0,5.0,0.0,100.0,100.0,350.0
125,14.9,5.0,77.499997,100.0,100.0,515.000002
126,15.0,5.0,50.3,100.0,100.0,532.0
127,15.5,5.0,50.3,100.0,100.0,532.0
128,16.3,5.0,50.3,16.699999,16.699999,532.0
129,17.3,5.0,50.3,0.0,0.0,532.0
130,18.3,5.0,50.3,0.0,0.0,532.0
131,18.9,5.0,50.3,0.0,0.0,532.0
132,18.9,5.0,50.3,0.0,0.0,532.0
133,18.9,5.0,50.3,0.0,0.0,532.0
134,19.8,5.0,50.3,0.0,0.0,532.0
135,19.9,5.0,50.3,0.0,0.0,532.0
136,19.9,5.0,50.3,0.0,0.0,532.0
137,17.6,5.0,50.3,0.0,0.0,532.0
138,16.0,5.0,50.3,100.0,100.0,532.0
139,13.3,5.0,40.000001,100.0,100.0,532.0
140,13.3,5.0,0.0,100.0,100.0,350.0
141,13.3,5.0,0.0,100.0,100.0,350.0
142,13.3,5.0,0.0,100.0,100.0,350.0
143,13.3,5.0,0.0,100.0,100.0,350.0
144,13.3,5.0,0.0,100.0,100.0,350.0
145,13.3,5.0,0.0,100.0,100.0,350.0
146,13.3,5.0,0.0,100.0,100.0,350.0
147,13.3,5.0,0.0,100.0,100.0,350.0
148,13.3,5.0,0.0,100.0,100.0,350.0
149,13.8,5.0,74.999997,100.0,100.0,707.999992
150,16.2,5.0,45.0,100.0,100.0,629.0
151,16.3,5.0,45.0,100.0,100.0,629.0
152,17.1,5.0,45.0,16.699999,16.699999,629.0
153,18.1,5.0,45.0,0.0,0.0,629.0
154,19.1,5.0,45.0,0.0,0.0,629.0
155,19.1,5.0,0.0,0.0,0.0,629.0
156,19.1,5.0,0.0,0.0,0.0,629.0
157,20.1,5.0,0.0,0.0,0.0,629.0
158,20.1,5.0,0.0,0.0,0.0,629.0
159,20.0,5.0,0.0,0.0,0.0,629.0
160,18.9,5.0,0.0,0.0,0.0,629.0
161,17.7,5.0,45.0,0.0,0.0,629.0
162,17.1,5.0,45.0,100.0,100.0,629.0
163,15.6,5.0,38.900001,100.0,100.0,629.0
164,14.4,5.0,0.0,100.0,100.0,350.0
165,14.4,5.0,0.0,100.0,100.0,350.0
166,14.4,5.0,0.0,100.0,100.0,350.0
167,14.4,5.0,0.0,100.0,100.0,350.0
168,14.4,5.0,0.0,100.0,100.0,350.0
169,14.4,5.0,0.0,100.0,100.0,350.0
170,14.4,5.0,0.0,100.0,100.0,350.0
171,14.4,5.0,0.0,100.0,100.0,350.0
172,14.4,5.0,0.0,100.0,100.0,350.0
173,14.8,5.0,55.199999,100.0,100.0,555.000001
174,15.6,5.0,47.8,100.0,100.0,568.0
175,16.2,5.0,47.8,100.0,100.0,568.0
176,17.0,5.0,47.8,16.699999,16.699999,568.0
177,18.0,5.0,47.8,0.0,0.0,568.0
178,19.0,5.0,47.8,0.0,0.0,568.0
179,20.0,5.0,0.0,0.0,0.0,568.0
180,20.9,5.0,0.0,0.0,0.0,568.0
181,20.9,5.0,0.0,0.0,0.0,568.0
182,20.9,5.0,0.0,0.0,0.0,568.0
183,19.9,5.0,47.8,0.0,0.0,568.0
184,18.8,5.0,47.8,0.0,0.0,568.0
185,17.8,5.0,47.8,0.0,0.0,568.0
186,17.2,5.0,47.8,100.0,100.0,568.0
187,15.5,5.0,44.4,100.0,100.0,568.0
188,13.8,5.0,0.0,100.0,100.0,350.0
189,13.8,5.0,0.0,100.0,100.0,350.0
190,13.8,5.0,0.0,100.0,100.0,350.0
191,13.8,5.0,0.0,100.0,100.0,350.0
192,13.8,5.0,0.0,100.0,100.0,350.0
193,13.8,5.0,0.0,100.0,100.0,350.0
194,13.8,5.0,0.0,100.0,100.0,350.0
195,13.8,5.0,0.0,100.0,100.0,350.0
196,13.8,5.0,0.0,100.0,100.0,350.0
197,14.5,5.0,58.7,100.0,100.0,523.000006
198,16.3,5.0,52.1,100.0,100.0,582.0
199,16.4,5.0,52.1,100.0,100.0,582.0
200,17.3,5.0,52.1,16.699999,16.699999,582.0
201,18.3,5.0,52.1,0.0,0.0,582.0
202,19.3,5.0,52.1,0.0,0.0,582.0
203,19.3,5.0,52.1,0.0,0.0,582.0
204,19.8,5.0,52.1,0.0,0.0,582.0
205,20.3,5.0,52.1,0.0,0.0,582.0
206,20.3,5.0,52.1,0.0,0.0,582.0
207,19.7,5.0,52.1,0.0,0.0,582.0
208,18.8,5.0,52.1,0.0,0.0,582.0
209,17.8,5.0,52.1,0.0,0.0,582.0
210,17.3,5.0,52.1,100.0,100.0,582.0
211,15.9,5.0,50.0,100.0,100.0,582.0
212,14.5,5.0,0.0,100.0,100.0,350.0
213,14.5,5.0,0.0,100.0,100.0,350.0
214,14.5,5.0,0.0,100.0,100.0,350.0
215,14.5,5.0,0.0,100.0,100.0,350.0
216,14.5,5.0,0.0,100.0,100.0,350.0
217,14.5,5.0,0.0,100.0,100.0,350.0
218,14.5,5.0,0.0,100.0,100.0,350.0
219,14.5,5.0,0.0,100.0,100.0,350.0
220,14.5,5.0,0.0,100.0,100.0,350.0
221,15.1,5.0,66.999998,100.0,100.0,617.000003
222,15.7,5.0,48.1,100.0,100.0,644.0
223,16.0,5.0,48.1,100.0,100.0,644.0
224,16.9,5.0,48.1,0.0,0.0,644.0
225,17.9,5.0,48.1,0.0,0.0,644.0
226,18.9,5.0,48.1,0.0,0.0,644.0
227,19.3,5.0,48.1,0.0,0.0,644.0
228,19.3,5.0,48.1,0.0,0.0,644.0
229,20.2,5.0,48.1,0.0,0.0,644.0
230,20.3,5.0,48.1,0.0,0.0,644.0
231,20.3,5.0,48.1,0.0,0.0,644.0
232,19.0,5.0,48.1,0.0,0.0,644.0
233,17.7,5.0,48.1,0.0,0.0,644.0
234,17.0,5.0,48.1,100.0,100.0,644.0
235,15.4,5.0,48.1,100.0,100.0,644.0
236,13.8,5.0,0.0,100.0,100.0,350.0
237,13.8,5.0,0.0,100.0,100.0,350.0
238,13.8,5.0,0.0,100.0,100.0,350.0
239,13.8,5.0,0.0,100.0,100.0,350.0
240,13.8,5.0,0.0,100.0,100.0,350.0
241,13.8,5.0,0.0,100.0,100.0,350.0
242,13.8,5.0,0.0,100.0,100.0,350.0
243,13.8,5.0,0.0,100.0,100.0,350.0
244,13.8,5.0,0.0,100.0,100.0,350.0
245,14.8,5.0,131.09999,100.0,100.0,719.999986
246,14.9,5.0,29.7,100.0,100.0,583.0
247,15.7,5.0,29.7,100.0,100.0,583.0
248,16.6,5.0,29.7,0.0,0.0,583.0
249,17.6,5.0,29.7,0.0,0.0,583.0
250,18.6,5.0,0.0,0.0,0.0,583.0
251,19.6,5.0,0.0,0.0,0.0,583.0
252,20.4,5.0,0.0,0.0,0.0,583.0
253,21.0,5.0,0.0,0.0,0.0,583.0
254,21.0,5.0,0.0,0.0,0.0,583.0
255,20.4,5.0,0.0,0.0,0.0,583.0
256,19.0,5.0,0.0,0.0,0.0,583.0
257,17.7,5.0,29.7,0.0,0.0,583.0
258,17.0,5.0,29.7,100.0,100.0,583.0
259,15.0,5.0,29.7,100.0,100.0,583.0
260,13.0,5.0,0.0,100.0,100.0,350.0
261,13.0,5.0,0.0,100.0,100.0,350.0
262,13.0,5.0,0.0,100.0,100.0,350.0
263,13.0,5.0,0.0,100.0,100.0,350.0
264,13.0,5.0,0.0,100.0,100.0,350.0
265,13.0,5.0,0.0,100.0,100.0,350.0
266,13.0,5.0,0.0,100.0,100.0,350.0
267,13.0,5.0,0.0,100.0,100.0,350.0
268,13.0,5.0,0.0,100.0,100.0,350.0
269,13.9,5.0,115.599991,100.0,100.0,535.000014
270,14.9,5.0,24.9,100.0,100.0,672.0
271,15.8,5.0,24.9,100.0,100.0,672.0
272,16.9,5.0,24.9,0.0,0.0,672.0
273,18.1,5.0,24.9,0.0,0.0,672.0
274,19.3,5.0,0.0,0.0,0.0,672.0
275,20.4,5.0,0.0,0.0,0.0,672.0
276,21.4,5.0,0.0,0.0,0.0,672.0
277,21.4,5.0,0.0,0.0,0.0,672.0
278,21.4,5.0,0.0,0.0,0.0,672.0
279,20.2,5.0,0.0,0.0,0.0,672.0
280,19.0,5.0,24.9,0.0,0.0,672.0
281,17.9,5.0,24.9,0.0,0.0,672.0
282,17.2,5.0,24.9,100.0,100.0,672.0
283,15.2,5.0,24.9,100.0,100.0,672.0
284,13.0,5.0,0.0,100.0,100.0,350.0
285,13.0,5.0,0.0,100.0,100.0,350.0
286,13.0,5.0,0.0,100.0,100.0,350.0
287,13.0,5.0,0.0,100.0,100.0,350.0
288,13.0,5.0,0.0,100.0,100.0,350.0
289,13.0,5.0,0.0,100.0,100.0,350.0
290,13.0,5.0,0.0,100.0,100.0,350.0
291,13.0,5.0,0.0,100.0,100.0,350.0
292,13.0,5.0,0.0,100.0,100.0,350.0
293,14.0,5.0,73.499997,100.0,100.0,545.00002
294,16.5,5.0,45.9,100.0,100.0,747.0
295,16.5,5.0,45.9,100.0,100.0,747.0
296,17.5,5.0,45.9,0.0,0.0,747.0
297,18.5,5.0,45.9,0.0,0.0,747.0
298,19.3,5.0,45.9,0.0,0.0,747.0
299,19.3,5.0,0.0,0.0,0.0,747.0
300,20.1,5.0,0.0,0.0,0.0,747.0
301,20.3,5.0,0.0,0.0,0.0,747.0
302,20.3,5.0,0.0,0.0,0.0,747.0
303,19.6,5.0,0.0,0.0,0.0,747.0
304,18.8,5.0,45.9,0.0,0.0,747.0
305,18.0,5.0,45.9,0.0,0.0,747.0
306,17.5,5.0,45.9,100.0,100.0,747.0
307,16.1,5.0,45.9,100.0,100.0,747.0
308,14.7,5.0,0.0,100.0,100.0,350.0
309,14.7,5.0,0.0,100.0,100.0,350.0
310,14.7,5.0,0.0,100.0,100.0,350.0
311,14.7,5.0,0.0,100.0,100.0,350.0
312,14.7,5.0,0.0,100.0,100.0,350.0
313,14.7,5.0,0.0,100.0,100.0,350.0
314,14.7,5.0,0.0,100.0,100.0,350.0
315,14.7,5.0,0.0,100.0,100.0,350.0
316,14.7,5.0,0.0,100.0,100.0,350.0
317,14.0,5.0,53.599999,100.0,100.0,565.000016
318,16.1,5.0,45.4,100.0,100.0,727.0
319,16.1,5.0,45.4,100.0,100.0,727.0
320,17.1,5.0,45.4,0.0,0.0,727.0
321,18.1,5.0,45.4,0.0,0.0,727.0
322,19.1,5.0,45.4,0.0,0.0,727.0
323,19.1,5.0,45.4,0.0,0.0,727.0
324,19.1,5.0,0.0,0.0,0.0,727.0
325,19.9,5.0,0.0,0.0,0.0,727.0
326,20.1,5.0,0.0,0.0,0.0,727.0
327,20.1,5.0,0.0,0.0,0.0,727.0
328,19.1,5.0,0.0,0.0,0.0,727.0
329,17.9,5.0,45.4,0.0,0.0,727.0
330,17.1,5.0,45.4,100.0,100.0,727.0
331,15.7,5.0,45.4,100.0,100.0,727.0
332,14.2,5.0,0.0,100.0,100.0,350.0
333,14.2,5.0,0.0,100.0,100.0,350.0
334,14.2,5.0,0.0,100.0,100.0,350.0
335,14.2,5.0,0.0,100.0,100.0,350.0
336,14.2,5.0,0.0,100.0,100.0,350.0
337,14.2,5.0,0.0,100.0,100.0,350.0
338,14.2,5.0,0.0,100.0,100.0,350.0
339,14.2,5.0,0.0,100.0,100.0,350.0
340,14.2,5.0,0.0,100.0,100.0,350.0
341,14.4,5.0,68.999998,100.0,100.0,522.000015
342,16.2,5.0,48.7,100.0,100.0,670.0
343,16.5,5.0,48.7,83.300001,83.300001,670.0
344,17.5,5.0,48.7,0.0,0.0,670.0
345,18.5,5.0,48.7,0.0,0.0,670.0
346,19.5,5.0,48.7,0.0,0.0,670.0
347,20.4,5.0,0.0,0.0,0.0,670.0
348,21.0,5.0,0.0,0.0,0.0,670.0
349,21.0,5.0,0.0,0.0,0.0,670.0
350,20.6,5.0,48.7,0.0,0.0,670.0
351,19.8,5.0,48.7,0.0,0.0,670.0
352,18.9,5.0,48.7,0.0,0.0,670.0
353,18.1,5.0,48.7,0.0,0.0,670.0
354,17.6,5.0,48.7,100.0,100.0,670.0
355,16.0,5.0,48.7,100.0,100.0,670.0
356,14.2,5.0,0.0,100.0,100.0,350.0
357,14.2,5.0,0.0,100.0,100.0,350.0
358,14.2,5.0,0.0,100.0,100.0,350.0
359,14.2,5.0,0.0,100.0,100.0,350.0
360,14.2,5.0,0.0,100.0,100.0,350.0
361,14.2,5.0,0.0,100.0,100.0,350.0
362,14.2,5.0,0.0,100.0,100.0,350.0
363,14.2,5.0,0.0,100.0,100.0,350.0
364,14.2,5.0,0.0,100.0,100.0,350.0
365,14.6,5.0,53.999998,100.0,100.0,560.000013
366,15.2,5.0,38.1,100.0,100.0,688.0
367,15.9,5.0,38.1,83.300001,83.300001,688.0
368,16.9,5.0,38.1,0.0,0.0,688.0
369,17.9,5.0,38.1,0.0,0.0,688.0
370,18.9,5.0,38.1,0.0,0.0,688.0
371,20.0,5.0,38.1,0.0,0.0,688.0
372,21.0,5.0,0.0,0.0,0.0,688.0
373,21.2,5.0,0.0,0.0,0.0,688.0
374,21.2,5.0,38.1,0.0,0.0,688.0
375,20.3,5.0,38.1,0.0,0.0,688.0
376,19.1,5.0,38.1,0.0,0.0,688.0
377,18.0,5.0,38.1,0.0,0.0,688.0
378,17.2,5.0,38.1,100.0,100.0,688.0
379,15.4,5.0,38.1,100.0,100.0,688.0
380,13.1,5.0,0.0,100.0,100.0,350.0
381,13.1,5.0,0.0,100.0,100.0,350.0
382,13.1,5.0,0.0,100.0,100.0,350.0
383,13.1,5.0,0.0,100.0,100.0,350.0
384,13.1,5.0,0.0,100.0,100.0,350.0
385,13.1,5.0,0.0,100.0,100.0,350.0
386,13.1,5.0,0.0,100.0,100.0,350.0
387,13.1,5.0,0.0,100.0,100.0,350.0
388,13.1,5.0,0.0,100.0,100.0,350.0
389,16.1,5.0,3e-06,100.0,100.0,550.000017
390,15.1,5.0,28.5,100.0,100.0,723.0
391,15.9,5.0,28.5,83.300001,83.300001,723.0
392,16.9,5.0,28.5,0.0,0.0,723.0
393,17.9,5.0,28.5,0.0,0.0,723.0
394,18.9,5.0,0.0,0.0,0.0,723.0
395,19.9,5.0,0.0,0.0,0.0,723.0
396,20.9,5.0,0.0,0.0,0.0,723.0
397,21.2,5.0,0.0,0.0,0.0,723.0
398,21.2,5.0,0.0,0.0,0.0,723.0
399,20.4,5.0,0.0,0.0,0.0,723.0
400,19.2,5.0,0.0,0.0,0.0,723.0
401,18.0,5.0,28.5,0.0,0.0,723.0
402,17.1,5.0,28.5,100.0,100.0,723.0
403,15.3,5.0,28.5,100.0,100.0,723.0
404,13.0,5.0,0.0,100.0,100.0,350.0
405,13.0,5.0,0.0,100.0,100.0,350.0
406,13.0,5.0,0.0,100.0,100.0,350.0
407,13.0,5.0,0.0,100.0,100.0,350.0
408,13.0,5.0,0.0,100.0,100.0,350.0
409,13.0,5.0,0.0,100.0,100.0,350.0
410,13.0,5.0,0.0,100.0,100.0,350.0
411,13.0,5.0,0.0,100.0,100.0,350.0
412,13.0,5.0,0.0,100.0,100.0,350.0
413,15.5,5.0,59.999999,100.0,100.0,538.000005
414,16.4,5.0,48.9,100.0,100.0,590.0
415,16.5,5.0,48.9,83.300001,83.300001,590.0
416,17.5,5.0,48.9,0.0,0.0,590.0
417,18.5,5.0,48.9,0.0,0.0,590.0
418,18.6,5.0,48.9,0.0,0.0,590.0
419,18.6,5.0,48.9,0.0,0.0,590.0
420,18.6,5.0,48.9,0.0,0.0,590.0
421,18.6,5.0,48.9,0.0,0.0,590.0
422,19.6,5.0,48.9,0.0,0.0,590.0
423,19.6,5.0,48.9,0.0,0.0,590.0
424,19.6,5.0,48.9,0.0,0.0,590.0
425,18.2,5.0,48.9,0.0,0.0,590.0
426,17.2,5.0,48.9,100.0,100.0,590.0
427,15.7,5.0,48.9,100.0,100.0,590.0
428,14.8,5.0,0.0,100.0,100.0,350.0
429,14.8,5.0,0.0,100.0,100.0,350.0
430,14.8,5.0,0.0,100.0,100.0,350.0
431,14.8,5.0,0.0,100.0,100.0,350.0
432,14.8,5.0,0.0,100.0,100.0,350.0
433,14.8,5.0,0.0,100.0,100.0,350.0
434,14.8,5.0,0.0,100.0,100.0,350.0
435,14.8,5.0,0.0,100.0,100.0,350.0
436,14.8,5.0,0.0,100.0,100.0,350.0
437,14.8,5.0,71.199996,100.0,100.0,711.999988
438,15.6,5.0,34.6,100.0,100.0,589.0
439,16.3,5.0,34.6,83.300001,83.300001,589.0
440,17.4,5.0,34.6,0.0,0.0,589.0
441,18.5,5.0,34.6,0.0,0.0,589.0
442,19.6,5.0,0.0,0.0,0.0,589.0
443,20.6,5.0,0.0,0.0,0.0,589.0
444,21.3,5.0,0.0,0.0,0.0,589.0
445,21.3,5.0,0.0,0.0,0.0,589.0
446,21.1,5.0,0.0,0.0,0.0,589.0
447,20.1,5.0,0.0,0.0,0.0,589.0
448,19.1,5.0,34.6,0.0,0.0,589.0
449,18.2,5.0,34.6,0.0,0.0,589.0
450,17.4,5.0,34.6,100.0,100.0,589.0
451,15.8,5.0,34.6,100.0,100.0,589.0
452,13.5,5.0,0.0,100.0,100.0,350.0
453,13.5,5.0,0.0,100.0,100.0,350.0
454,13.5,5.0,0.0,100.0,100.0,350.0
455,13.5,5.0,0.0,100.0,100.0,350.0
456,13.5,5.0,0.0,100.0,100.0,350.0
457,13.5,5.0,0.0,100.0,100.0,350.0
458,13.5,5.0,0.0,100.0,100.0,350.0
459,13.5,5.0,0.0,100.0,100.0,350.0
460,13.5,5.0,0.0,100.0,100.0,350.0
461,14.8,5.0,54.0,100.0,100.0,563.000001
462,16.7,5.0,47.2,100.0,100.0,574.0
463,16.9,5.0,47.2,66.700001,66.700001,574.0
464,17.9,5.0,47.2,0.0,0.0,574.0
465,18.9,5.0,47.2,0.0,0.0,574.0
466,19.3,5.0,47.2,0.0,0.0,574.0
467,19.3,5.0,47.2,0.0,0.0,574.0
468,20.1,5.0,47.2,0.0,0.0,574.0
469,20.3,5.0,47.2,0.0,0.0,574.0
470,20.3,5.0,47.2,0.0,0.0,574.0
471,19.6,5.0,47.2,0.0,0.0,574.0
472,18.9,5.0,47.2,0.0,0.0,574.0
473,18.2,5.0,47.2,0.0,0.0,574.0
474,17.6,5.0,47.2,100.0,100.0,574.0
475,16.4,5.0,47.2,100.0,100.0,574.0
476,14.8,5.0,0.0,100.0,100.0,350.0
477,14.8,5.0,0.0,100.0,100.0,350.0
478,14.8,5.0,0.0,100.0,100.0,350.0
479,14.8,5.0,0.0,100.0,100.0,350.0
480,14.8,5.0,0.0,100.0,100.0,350.0
481,14.8,5.0,0.0,100.0,100.0,350.0
482,14.8,5.0,0.0,100.0,100.0,350.0
483,14.8,5.0,0.0,100.0,100.0,350.0
484,14.8,5.0,0.0,100.0,100.0,350.0
485,15.2,5.0,71.699998,100.0,100.0,721.999995
486,16.1,5.0,50.7,100.0,100.0,674.0
487,16.4,5.0,50.7,66.700001,66.700001,674.0
488,17.4,5.0,50.7,0.0,0.0,674.0
489,18.4,5.0,50.7,0.0,0.0,674.0
490,19.0,5.0,50.7,0.0,0.0,674.0
491,19.0,5.0,50.7,0.0,0.0,674.0
492,19.0,5.0,0.0,0.0,0.0,674.0
493,19.6,5.0,0.0,0.0,0.0,674.0
494,20.0,5.0,0.0,0.0,0.0,674.0
495,20.0,5.0,0.0,0.0,0.0,674.0
496,19.4,5.0,0.0,0.0,0.0,674.0
497,18.1,5.0,50.7,0.0,0.0,674.0
498,17.1,5.0,50.7,100.0,100.0,674.0
499,15.9,5.0,50.7,100.0,100.0,674.0
500,14.1,5.0,0.0,100.0,100.0,350.0
501,14.1,5.0,0.0,100.0,100.0,350.0
502,14.1,5.0,0.0,100.0,100.0,350.0
503,14.1,5.0,0.0,100.0,100.0,350.0
504,14.1,5.0,0.0,100.0,100.0,350.0
505,14.1,5.0,0.0,100.0,100.0,350.0
506,14.1,5.0,0.0,100.0,100.0,350.0
507,14.1,5.0,0.0,100.0,100.0,350.0
508,14.1,5.0,0.0,100.0,100.0,350.0
509,15.8,5.0,71.999999,100.0,100.0,719.999997
510,15.3,5.0,57.7,100.0,100.0,690.0
511,16.1,5.0,57.7,66.700001,66.700001,690.0
512,17.2,5.0,57.7,0.0,0.0,690.0
513,18.2,5.0,57.7,0.0,0.0,690.0
514,19.3,5.0,57.7,0.0,0.0,690.0
515,20.4,5.0,57.7,0.0,0.0,690.0
516,18.0,5.0,72.1,0.0,0.0,828.0
517,22.7,5.0,64.3,0.0,0.0,838.0
518,22.7,5.0,64.3,0.0,0.0,838.0
519,21.3,0.0,65.9,0.0,0.0,796.0
520,19.9,0.0,57.8,0.0,0.0,916.0
521,18.6,0.0,60.9,0.0,0.0,704.0
522,17.4,0.0,60.9,100.0,100.0,704.0
523,16.1,0.0,60.9,100.0,100.0,704.0
524,14.0,0.0,0.0,100.0,100.0,400.0
525,14.0,0.0,0.0,100.0,100.0,400.0
526,14.0,0.0,0.0,100.0,100.0,400.0
527,14.0,0.0,0.0,100.0,100.0,400.0
528,14.0,0.0,0.0,100.0,100.0,400.0
529,14.0,0.0,0.0,100.0,100.0,400.0
530,14.0,0.0,0.0,100.0,100.0,400.0
531,14.0,0.0,0.0,100.0,100.0,400.0
532,15.3,0.0,40.399999,100.0,100.0,536.0
533,16.3,0.0,71.9,100.0,100.0,536.0
534,17.3,0.0,71.9,100.0,100.0,536.0
535,17.6,0.0,71.9,66.700001,66.700001,536.0
536,18.7,0.0,71.9,0.0,0.0,536.0
537,19.8,0.0,71.9,0.0,0.0,536.0
538,20.9,0.0,71.9,0.0,0.0,536.0
539,21.9,0.0,71.9,0.0,0.0,536.0
540,22.9,0.0,71.9,0.0,0.0,536.0
541,22.9,0.0,71.9,0.0,0.0,536.0
542,22.8,0.0,71.9,0.0,0.0,536.0
543,21.5,0.0,71.9,0.0,0.0,536.0
544,20.1,0.0,71.9,0.0,0.0,536.0
545,18.7,0.0,71.9,0.0,0.0,536.0
546,17.4,0.0,71.9,100.0,100.0,536.0
547,16.2,0.0,71.9,100.0,100.0,536.0
548,14.0,0.0,0.0,100.0,100.0,400.0
549,14.0,0.0,0.0,100.0,100.0,400.0
550,14.0,0.0,0.0,100.0,100.0,400.0
551,14.0,0.0,0.0,100.0,100.0,400.0
552,14.0,0.0,0.0,100.0,100.0,400.0
553,14.0,0.0,0.0,100.0,100.0,400.0
554,14.0,0.0,0.0,100.0,100.0,400.0
555,14.0,0.0,0.0,100.0,100.0,400.0
556,15.3,0.0,59.299998,100.0,100.0,765.0
557,16.3,0.0,93.6,100.0,100.0,765.0
558,17.3,0.0,93.6,100.0,100.0,765.0
559,17.7,0.0,93.6,66.700001,66.700001,765.0
560,18.7,0.0,93.6,0.0,0.0,765.0
561,19.8,0.0,93.6,0.0,0.0,765.0
562,20.9,0.0,93.6,0.0,0.0,765.0
563,21.9,0.0,93.6,0.0,0.0,765.0
564,22.9,0.0,93.6,0.0,0.0,765.0
565,22.9,0.0,93.6,0.0,0.0,765.0
566,22.9,0.0,93.6,0.0,0.0,765.0
567,21.5,0.0,93.6,0.0,0.0,765.0
568,20.2,0.0,93.6,0.0,0.0,765.0
569,18.9,0.0,93.6,0.0,0.0,765.0
570,17.6,0.0,93.6,100.0,100.0,765.0
571,16.4,0.0,93.6,100.0,100.0,765.0
572,14.2,0.0,0.0,100.0,100.0,400.0
573,14.2,0.0,0.0,100.0,100.0,400.0
574,14.2,0.0,0.0,100.0,100.0,400.0
575,14.2,0.0,0.0,100.0,100.0,400.0
576,14.2,0.0,0.0,100.0,100.0,400.0
577,14.2,0.0,0.0,100.0,100.0,400.0
578,14.2,0.0,0.0,100.0,100.0,400.0
579,14.2,0.0,0.0,100.0,100.0,400.0
580,15.5,0.0,50.399999,100.0,100.0,635.0
581,16.5,0.0,72.4,100.0,100.0,635.0
582,17.4,0.0,72.4,100.0,100.0,635.0
583,17.8,0.0,72.4,50.000001,50.000001,635.0
584,18.8,0.0,72.4,0.0,0.0,635.0
585,19.8,0.0,72.4,0.0,0.0,635.0
586,20.8,0.0,72.4,0.0,0.0,635.0
587,21.8,0.0,72.4,0.0,0.0,635.0
588,22.8,0.0,72.4,0.0,0.0,635.0
589,22.8,0.0,72.4,0.0,0.0,635.0
590,22.7,0.0,72.4,0.0,0.0,635.0
591,21.4,0.0,72.4,0.0,0.0,635.0
592,20.0,0.0,72.4,0.0,0.0,635.0
593,18.6,0.0,72.4,0.0,0.0,635.0
594,17.3,0.0,72.4,100.0,100.0,635.0
595,16.1,0.0,72.4,100.0,100.0,635.0
596,14.0,0.0,0.0,100.0,100.0,400.0
597,14.0,0.0,0.0,100.0,100.0,400.0
598,14.0,0.0,0.0,100.0,100.0,400.0
599,14.0,0.0,0.0,100.0,100.0,400.0
600,14.0,0.0,0.0,100.0,100.0,400.0
601,14.0,0.0,0.0,100.0,100.0,400.0
602,14.0,0.0,0.0,100.0,100.0,400.0
603,14.0,0.0,70.9,100.0,100.0,400.0
604,15.4,0.0,70.9,100.0,100.0,675.0
605,16.4,0.0,70.9,100.0,100.0,675.0
606,17.3,0.0,70.9,100.0,100.0,675.0
607,17.7,0.0,70.9,50.000001,50.000001,675.0
608,18.8,0.0,70.9,0.0,0.0,675.0
609,19.8,0.0,70.9,0.0,0.0,675.0
610,20.9,0.0,70.9,0.0,0.0,675.0
611,21.9,0.0,70.9,0.0,0.0,675.0
612,22.9,0.0,70.9,0.0,0.0,675.0
613,22.9,0.0,70.9,0.0,0.0,675.0
614,22.9,0.0,70.9,0.0,0.0,675.0
615,21.5,0.0,70.9,0.0,0.0,675.0
616,20.2,0.0,70.9,0.0,0.0,675.0
617,18.8,0.0,70.9,0.0,0.0,675.0
618,17.5,0.0,70.9,100.0,100.0,675.0
619,16.3,0.0,70.9,100.0,100.0,675.0
620,14.0,0.0,0.0,100.0,100.0,674.999972
621,14.0,0.0,0.0,100.0,100.0,400.0
622,14.0,0.0,0.0,100.0,100.0,400.0
623,14.0,0.0,0.0,100.0,100.0,400.0
624,14.0,0.0,0.0,100.0,100.0,400.0
625,14.0,0.0,0.0,100.0,100.0,400.0
626,14.0,0.0,0.0,100.0,100.0,400.0
627,14.0,0.0,0.0,100.0,100.0,400.0
628,15.4,0.0,71.6,100.0,100.0,593.0
629,16.4,0.0,71.6,100.0,100.0,593.0
630,17.3,0.0,71.6,100.0,100.0,593.0
631,17.8,0.0,71.6,50.000001,50.000001,593.0
632,18.8,0.0,71.6,0.0,0.0,593.0
633,19.9,0.0,71.6,0.0,0.0,593.0
634,20.9,0.0,71.6,0.0,0.0,593.0
635,21.9,0.0,71.6,0.0,0.0,593.0
636,22.9,0.0,71.6,0.0,0.0,593.0
637,22.9,0.0,71.6,0.0,0.0,593.0
638,22.9,0.0,71.6,0.0,0.0,593.0
639,21.5,0.0,71.6,0.0,0.0,593.0
640,20.2,0.0,71.6,0.0,0.0,593.0
641,18.8,0.0,71.6,0.0,0.0,593.0
642,17.5,0.0,71.6,100.0,100.0,593.0
643,16.3,0.0,71.6,100.0,100.0,593.0
644,14.0,0.0,0.0,100.0,100.0,592.999981
645,14.0,0.0,0.0,100.0,100.0,400.0
646,14.0,0.0,0.0,100.0,100.0,400.0
647,14.0,0.0,0.0,100.0,100.0,400.0
648,14.0,0.0,0.0,100.0,100.0,400.0
649,14.0,0.0,0.0,100.0,100.0,400.0
650,14.0,0.0,0.0,100.0,100.0,400.0
651,14.0,0.0,78.5,100.0,100.0,400.0
652,15.5,0.0,78.5,100.0,100.0,634.0
653,16.5,0.0,78.5,100.0,100.0,634.0
654,17.3,0.0,78.5,100.0,100.0,634.0
655,17.8,0.0,78.5,50.000001,50.000001,634.0
656,18.8,0.0,78.5,0.0,0.0,634.0
657,19.9,0.0,78.5,0.0,0.0,634.0
658,20.9,0.0,78.5,0.0,0.0,634.0
659,21.9,0.0,78.5,0.0,0.0,634.0
660,22.9,0.0,78.5,0.0,0.0,634.0
661,22.9,0.0,78.5,0.0,0.0,634.0
662,22.9,0.0,78.5,0.0,0.0,634.0
663,21.6,0.0,78.5,0.0,0.0,634.0
664,20.2,0.0,78.5,0.0,0.0,634.0
665,18.9,0.0,78.5,0.0,0.0,634.0
666,17.5,0.0,78.5,100.0,100.0,634.0
667,16.4,0.0,78.5,100.0,100.0,634.0
668,14.0,0.0,0.0,100.0,100.0,633.999976
669,14.0,0.0,0.0,100.0,100.0,400.0
670,14.0,0.0,0.0,100.0,100.0,400.0
671,14.0,0.0,0.0,100.0,100.0,400.0
672,14.0,0.0,0.0,100.0,100.0,400.0
673,14.0,0.0,0.0,100.0,100.0,400.0
674,14.0,0.0,0.0,100.0,100.0,400.0
675,14.0,0.0,0.0,100.0,100.0,400.0
676,15.5,0.0,82.599999,100.0,100.0,583.0
677,16.5,0.0,82.6,100.0,100.0,583.0
678,17.3,0.0,82.6,100.0,100.0,583.0
679,17.8,0.0,82.6,50.000001,50.000001,583.0
680,18.9,0.0,82.6,0.0,0.0,583.0
681,19.9,0.0,82.6,0.0,0.0,583.0
682,20.9,0.0,82.6,0.0,0.0,583.0
683,21.9,0.0,82.6,0.0,0.0,583.0
684,22.9,0.0,82.6,0.0,0.0,583.0
685,22.9,0.0,82.6,0.0,0.0,583.0
686,22.9,0.0,82.6,0.0,0.0,583.0
687,21.6,0.0,82.6,0.0,0.0,583.0
688,20.2,0.0,82.6,0.0,0.0,583.0
689,18.9,0.0,82.6,0.0,0.0,583.0
690,17.6,0.0,82.6,100.0,100.0,583.0
691,16.5,0.0,82.6,100.0,100.0,583.0
692,14.0,0.0,0.0,100.0,100.0,583.0
693,14.0,0.0,0.0,100.0,100.0,400.0
694,14.0,0.0,0.0,100.0,100.0,400.0
695,14.0,0.0,0.0,100.0,100.0,400.0
696,14.0,0.0,0.0,100.0,100.0,400.0
697,14.0,0.0,0.0,100.0,100.0,400.0
698,14.0,0.0,0.0,100.0,100.0,400.0
699,14.0,0.0,89.4,100.0,100.0,400.0
700,15.5,0.0,89.4,100.0,100.0,628.0
701,16.5,0.0,89.4,100.0,100.0,628.0
702,17.3,0.0,89.4,100.0,100.0,628.0
703,17.9,0.0,89.4,33.300001,33.300001,628.0
704,18.9,0.0,89.4,0.0,0.0,628.0
705,19.9,0.0,89.4,0.0,0.0,628.0
706,20.9,0.0,89.4,0.0,0.0,628.0
707,21.9,0.0,89.4,0.0,0.0,628.0
708,22.9,0.0,89.4,0.0,0.0,628.0
709,22.9,0.0,89.4,0.0,0.0,628.0
710,22.9,0.0,89.4,0.0,0.0,628.0
711,21.6,0.0,89.4,0.0,0.0,628.0
712,20.3,0.0,89.4,0.0,0.0,628.0
713,19.0,0.0,89.4,0.0,0.0,628.0
714,17.6,0.0,89.4,100.0,100.0,628.0
715,16.5,0.0,89.4,100.0,100.0,628.0
716,14.0,0.0,0.0,100.0,100.0,628.0
717,14.0,0.0,0.0,100.0,100.0,400.0
718,14.0,0.0,0.0,100.0,100.0,400.0
719,14.0,0.0,0.0,100.0,100.0,400.0
720,14.0,0.0,0.0,100.0,100.0,400.0
721,14.0,0.0,0.0,100.0,100.0,400.0
722,14.0,0.0,0.0,100.0,100.0,400.0
723,14.0,0.0,0.0,100.0,100.0,400.0
724,15.6,0.0,71.0,100.0,100.0,592.0
725,16.6,0.0,71.0,100.0,100.0,592.0
726,17.3,0.0,71.0,100.0,100.0,592.0
727,17.9,0.0,71.0,33.300001,33.300001,592.0
728,18.9,0.0,71.0,0.0,0.0,592.0
729,19.9,0.0,71.0,0.0,0.0,592.0
730,19.9,0.0,71.0,0.0,0.0,592.0
731,21.5,0.0,71.0,0.0,0.0,592.0
732,22.9,0.0,71.0,0.0,0.0,592.0
733,22.9,0.0,71.0,0.0,0.0,592.0
734,22.9,0.0,71.0,0.0,0.0,592.0
735,22.9,0.0,71.0,0.0,0.0,592.0
736,20.3,0.0,71.0,0.0,0.0,592.0
737,19.0,0.0,71.0,0.0,0.0,592.0
738,17.7,0.0,71.0,0.0,0.0,592.0
739,16.6,0.0,71.0,100.0,100.0,592.0
740,14.0,0.0,0.0,100.0,100.0,592.0
741,14.0,0.0,0.0,100.0,100.0,400.0
742,14.0,0.0,0.0,100.0,100.0,400.0
743,14.0,0.0,0.0,100.0,100.0,400.0
744,14.0,0.0,0.0,100.0,100.0,400.0
745,14.0,0.0,0.0,100.0,100.0,400.0
746,14.0,0.0,0.0,100.0,100.0,400.0
747,14.0,0.0,0.0,100.0,100.0,400.0
748,15.6,0.0,77.8,100.0,100.0,584.0
749,16.6,0.0,77.8,100.0,100.0,584.0
750,17.3,0.0,77.8,100.0,100.0,584.0
751,17.9,0.0,77.8,33.300001,33.300001,584.0
752,18.9,0.0,77.8,0.0,0.0,584.0
753,19.9,0.0,77.8,0.0,0.0,584.0
754,20.9,0.0,77.8,0.0,0.0,584.0
755,21.8,0.0,75.0,0.0,0.0,850.0
756,22.5,0.0,0.0,0.0,0.0,850.0
757,22.8,0.0,0.0,0.0,0.0,850.0
758,22.8,0.0,74.999995,0.0,0.0,850.0
759,21.8,0.0,22.5,0.0,0.0,850.0
760,20.4,0.0,22.5,0.0,0.0,850.0
761,19.0,0.0,88.999998,0.0,0.0,850.0
762,17.6,0.0,86.5,0.0,0.0,850.0
763,16.5,0.0,89.0,100.0,100.0,850.0
764,14.0,0.0,0.0,100.0,100.0,850.0
765,14.0,0.0,0.0,100.0,100.0,400.0
766,14.0,0.0,0.0,100.0,100.0,400.0
767,14.0,0.0,0.0,100.0,100.0,400.0
768,14.0,0.0,0.0,100.0,100.0,400.0
769,14.0,0.0,0.0,100.0,100.0,400.0
770,14.0,0.0,0.0,100.0,100.0,400.0
771,14.0,0.0,0.0,100.0,100.0,400.0
772,15.6,0.0,56.299999,100.0,100.0,850.0
773,16.6,0.0,89.0,100.0,100.0,850.0
774,17.3,0.0,89.0,100.0,100.0,850.0
775,18.0,0.0,89.0,33.300001,33.300001,850.0
776,19.0,0.0,89.0,0.0,0.0,850.0
777,20.0,0.0,89.0,0.0,0.0,850.0
778,21.0,0.0,74.0,0.0,0.0,850.0
779,22.0,0.0,73.999998,0.0,0.0,850.0
780,22.9,0.0,74.0,0.0,0.0,850.0
781,22.9,0.0,44.0,0.0,0.0,850.0
782,22.9,0.0,44.0,0.0,0.0,850.0
783,21.6,0.0,59.0,0.0,0.0,850.0
784,20.3,0.0,59.0,0.0,0.0,850.0
785,19.0,0.0,59.000002,0.0,0.0,850.0
786,17.7,0.0,89.0,0.0,0.0,850.0
787,16.7,0.0,89.0,100.0,100.0,850.0
788,14.0,0.0,0.0,100.0,100.0,850.0
789,14.0,0.0,0.0,100.0,100.0,400.0
790,14.0,0.0,0.0,100.0,100.0,400.0
791,14.0,0.0,0.0,100.0,100.0,400.0
792,14.0,0.0,0.0,100.0,100.0,400.0
793,14.0,0.0,0.0,100.0,100.0,400.0
794,14.0,0.0,0.0,100.0,100.0,400.0
795,14.0,0.0,0.0,100.0,100.0,400.0
796,15.7,0.0,59.299999,100.0,100.0,850.0
797,16.7,0.0,89.0,100.0,100.0,850.0
798,17.3,0.0,89.0,100.0,100.0,850.0
799,18.0,0.0,89.0,33.300001,33.300001,850.0
800,19.0,0.0,89.0,0.0,0.0,850.0
801,20.0,0.0,89.0,0.0,0.0,850.0
802,21.0,0.0,74.0,0.0,0.0,850.0
803,22.0,0.0,59.000002,0.0,0.0,850.0
804,23.0,0.0,59.0,0.0,0.0,850.0
805,23.0,0.0,59.0,0.0,0.0,850.0
806,22.9,0.0,29.000002,0.0,0.0,850.0
807,21.6,0.0,44.0,0.0,0.0,850.0
808,20.3,0.0,44.0,0.0,0.0,850.0
809,19.1,0.0,74.000002,0.0,0.0,850.0
810,17.8,0.0,89.0,0.0,0.0,850.0
811,16.7,0.0,89.0,100.0,100.0,850.0
812,14.0,0.0,0.0,100.0,100.0,850.0
813,14.0,0.0,0.0,100.0,100.0,400.0
814,14.0,0.0,0.0,100.0,100.0,400.0
815,14.0,0.0,0.0,100.0,100.0,400.0
816,14.0,0.0,0.0,100.0,100.0,400.0
817,14.0,0.0,0.0,100.0,100.0,400.0
818,14.0,0.0,0.0,100.0,100.0,400.0
819,14.0,0.0,0.0,100.0,100.0,400.0
820,15.7,0.0,63.699999,100.0,100.0,850.0
821,16.7,0.0,89.0,100.0,100.0,850.0
822,17.3,0.0,89.0,100.0,100.0,850.0
823,18.1,0.0,89.0,16.700001,16.700001,850.0
824,19.1,0.0,89.0,0.0,0.0,850.0
825,20.1,0.0,89.0,0.0,0.0,850.0
826,21.1,0.0,74.0,0.0,0.0,850.0
827,22.0,0.0,73.999998,0.0,0.0,850.0
828,22.9,0.0,74.0,0.0,0.0,850.0
829,22.9,0.0,44.0,0.0,0.0,850.0
830,22.9,0.0,44.000002,0.0,0.0,850.0
831,21.6,0.0,44.0,0.0,0.0,850.0
832,20.3,0.0,59.0,0.0,0.0,850.0
833,19.1,0.0,59.0,0.0,0.0,850.0
834,17.8,0.0,89.0,0.0,0.0,850.0
835,16.8,0.0,89.0,100.0,100.0,850.0
836,14.0,0.0,0.0,100.0,100.0,850.0
837,14.0,0.0,0.0,100.0,100.0,400.0
838,14.0,0.0,0.0,100.0,100.0,400.0
839,14.0,0.0,0.0,100.0,100.0,400.0
840,14.0,0.0,0.0,100.0,100.0,400.0
841,14.0,0.0,0.0,100.0,100.0,400.0
842,14.0,0.0,0.0,100.0,100.0,400.0
843,14.0,0.0,0.0,100.0,100.0,400.0
844,15.8,0.0,66.699999,100.0,100.0,850.0
845,16.8,0.0,89.0,100.0,100.0,850.0
846,17.3,0.0,89.0,100.0,100.0,850.0
847,18.1,0.0,89.0,16.700001,16.700001,850.0
848,19.1,0.0,89.0,0.0,0.0,850.0
849,20.1,0.0,89.0,0.0,0.0,850.0
850,21.1,0.0,74.0,0.0,0.0,850.0
851,22.0,0.0,74.0,0.0,0.0,850.0
852,23.0,0.0,59.0,0.0,0.0,850.0
853,23.0,0.0,59.0,0.0,0.0,850.0
854,22.9,0.0,58.999998,0.0,0.0,850.0
855,21.6,0.0,59.0,0.0,0.0,850.0
856,20.4,0.0,59.0,0.0,0.0,850.0
857,19.1,0.0,74.000002,0.0,0.0,850.0
858,17.8,0.0,89.0,0.0,0.0,850.0
859,16.9,0.0,89.0,100.0,100.0,850.0
860,14.0,0.0,0.0,100.0,100.0,850.0
861,14.0,0.0,0.0,100.0,100.0,400.0
862,14.0,0.0,0.0,100.0,100.0,400.0
863,14.0,0.0,0.0,100.0,100.0,400.0
864,14.0,0.0,0.0,100.0,100.0,400.0
865,14.0,0.0,0.0,100.0,100.0,400.0
866,14.0,1e-06,0.0,100.0,100.0,399.99998
867,14.0,0.0,0.0,100.0,100.0,400.0
868,15.8,0.0,69.599999,100.0,100.0,850.0
869,16.8,0.0,89.0,100.0,100.0,850.0
870,17.3,0.0,89.0,100.0,100.0,850.0
871,18.1,0.0,89.0,16.700001,16.700001,850.0
872,19.1,0.0,89.0,0.0,0.0,850.0
873,20.1,0.0,89.0,0.0,0.0,850.0
874,21.1,0.0,74.0,0.0,0.0,850.0
875,22.0,0.0,73.999998,0.0,0.0,850.0
876,23.0,0.0,44.0,0.0,0.0,850.0
877,23.0,0.0,44.0,0.0,0.0,850.0
878,22.9,0.0,44.000002,0.0,0.0,850.0
879,21.7,0.0,44.0,0.0,0.0,850.0
880,20.4,0.0,59.0,0.0,0.0,850.0
881,19.1,0.0,74.000002,0.0,0.0,850.0
882,17.9,0.0,89.0,0.0,0.0,850.0
883,16.9,0.0,89.0,100.0,100.0,850.0
884,14.0,0.0,0.0,100.0,100.0,850.0
885,14.0,0.0,0.0,100.0,100.0,400.0
886,14.0,0.0,0.0,100.0,100.0,400.0
887,14.0,0.0,0.0,100.0,100.0,400.0
888,14.0,0.0,0.0,100.0,100.0,400.0
889,14.0,0.0,0.0,100.0,100.0,400.0
890,14.0,0.0,0.0,100.0,100.0,400.0
891,14.0,0.0,0.0,100.0,100.0,400.0
892,15.8,0.0,72.599999,100.0,100.0,850.0
893,16.8,0.0,89.0,100.0,100.0,850.0
894,17.3,0.0,89.0,100.0,100.0,850.0
895,18.2,0.0,89.0,16.700001,16.700001,850.0
896,19.2,0.0,89.0,0.0,0.0,850.0
897,20.2,0.0,89.0,0.0,0.0,850.0
898,21.2,0.0,74.0,0.0,0.0,850.0
899,22.0,0.0,59.000002,0.0,0.0,850.0
900,23.0,0.0,59.0,0.0,0.0,850.0
901,23.0,0.0,59.0,0.0,0.0,850.0
902,22.9,0.0,58.999998,0.0,0.0,850.0
903,21.7,0.0,59.0,0.0,0.0,850.0
904,20.4,0.0,59.0,0.0,0.0,850.0
905,19.2,0.0,74.000002,0.0,0.0,850.0
906,17.9,0.0,89.0,0.0,0.0,850.0
907,17.0,0.0,89.0,100.0,100.0,850.0
908,14.0,0.0,0.0,100.0,100.0,850.0
909,14.0,0.0,0.0,100.0,100.0,400.0
910,14.0,0.0,0.0,100.0,100.0,400.0
911,14.0,0.0,0.0,100.0,100.0,400.0
912,14.0,0.0,0.0,100.0,100.0,400.0
913,14.0,0.0,0.0,100.0,100.0,400.0
914,14.0,0.0,0.0,100.0,100.0,400.0
915,14.0,0.0,0.0,100.0,100.0,400.0
916,15.9,0.0,76.999999,100.0,100.0,850.0
917,16.9,0.0,89.0,100.0,100.0,850.0
918,17.3,0.0,89.0,100.0,100.0,850.0
919,18.2,0.0,89.0,1e-06,1e-06,850.0
920,19.2,0.0,89.0,0.0,0.0,850.0
921,20.2,0.0,89.0,0.0,0.0,850.0
922,21.2,0.0,74.0,0.0,0.0,850.0
923,22.0,0.0,73.999998,0.0,0.0,850.0
924,23.0,0.0,74.0,0.0,0.0,850.0
925,23.0,0.0,44.0,0.0,0.0,850.0
926,22.9,0.0,58.999998,0.0,0.0,850.0
927,21.7,0.0,59.0,0.0,0.0,850.0
928,20.5,0.0,59.0,0.0,0.0,850.0
929,19.3,0.0,74.000002,0.0,0.0,850.0
930,18.1,0.0,74.0,0.0,0.0,850.0
931,17.2,0.0,89.0,100.0,100.0,850.0
932,14.2,0.0,0.0,100.0,100.0,850.0
933,14.2,0.0,0.0,100.0,100.0,400.0
934,14.2,0.0,0.0,100.0,100.0,400.0
935,14.2,0.0,0.0,100.0,100.0,400.0
936,14.2,0.0,0.0,100.0,100.0,400.0
937,14.2,0.0,0.0,100.0,100.0,400.0
938,14.2,0.0,0.0,100.0,100.0,400.0
939,14.2,0.0,0.0,100.0,100.0,400.0
940,16.1,0.0,79.999999,100.0,100.0,850.0
941,17.1,0.0,89.0,100.0,100.0,850.0
942,17.4,0.0,89.0,100.0,100.0,850.0
943,18.3,0.0,89.0,1e-06,1e-06,850.0
944,19.3,0.0,89.0,0.0,0.0,850.0
945,20.3,0.0,89.0,0.0,0.0,850.0
946,21.3,0.0,59.0,0.0,0.0,850.0
947,21.9,0.0,44.0,0.0,0.0,850.0
948,22.9,0.0,44.0,0.0,0.0,850.0
949,22.9,0.0,44.0,0.0,0.0,850.0
950,22.8,0.0,43.999998,0.0,0.0,850.0
951,21.9,0.0,44.0,0.0,0.0,850.0
952,20.9,0.0,44.0,0.0,0.0,850.0
953,20.0,0.0,59.000002,0.0,0.0,850.0
954,19.1,0.0,89.0,0.0,0.0,850.0
955,18.4,0.0,89.0,100.0,100.0,850.0
956,15.3,0.0,0.0,100.0,100.0,850.0
957,15.3,0.0,0.0,100.0,100.0,400.0
958,15.3,0.0,0.0,100.0,100.0,400.0
959,15.3,0.0,0.0,100.0,100.0,400.0
960,15.3,0.0,0.0,100.0,100.0,400.0
961,15.3,0.0,0.0,100.0,100.0,400.0
962,15.3,0.0,0.0,100.0,100.0,400.0
963,15.3,0.0,0.0,100.0,100.0,400.0
964,17.3,0.0,82.999999,100.0,100.0,850.0
965,17.9,0.0,89.0,100.0,100.0,850.0
966,17.9,0.0,89.0,100.0,100.0,850.0
967,18.9,0.0,89.0,1e-06,1e-06,850.0
968,19.9,0.0,89.0,0.0,0.0,850.0
969,20.9,0.0,89.0,0.0,0.0,850.0
970,21.1,0.0,59.0,0.0,0.0,850.0
971,21.2,0.0,59.0,0.0,0.0,850.0
972,22.1,0.0,44.0,0.0,0.0,850.0
973,22.1,0.0,44.0,0.0,0.0,850.0
974,22.1,0.0,44.000002,0.0,0.0,850.0
975,21.1,0.0,44.0,0.0,0.0,850.0
976,20.2,0.0,14.0,0.0,0.0,850.0
977,19.2,0.0,88.999998,0.0,0.0,850.0
978,18.3,0.0,74.0,0.0,0.0,850.0
979,17.7,0.0,89.0,100.0,100.0,850.0
980,15.5,0.0,0.0,100.0,100.0,850.0
981,15.5,0.0,0.0,100.0,100.0,400.0
982,15.5,0.0,0.0,100.0,100.0,400.0
983,15.5,0.0,0.0,100.0,100.0,400.0
984,15.5,0.0,0.0,100.0,100.0,400.0
985,15.5,0.0,0.0,100.0,100.0,400.0
986,15.5,0.0,0.0,100.0,100.0,400.0
987,15.5,0.0,0.0,100.0,100.0,400.0
988,17.4,0.0,85.899999,100.0,100.0,850.0
989,18.0,0.0,89.0,100.0,100.0,850.0
990,18.0,0.0,89.0,100.0,100.0,850.0
991,19.0,0.0,89.0,1e-06,1e-06,850.0
992,20.0,0.0,89.0,0.0,0.0,850.0
993,21.0,0.0,89.0,0.0,0.0,850.0
994,21.1,0.0,89.0,0.0,0.0,850.0
995,21.1,0.0,59.0,0.0,0.0,850.0
996,22.1,0.0,29.0,0.0,0.0,850.0
997,22.1,0.0,14.0,0.0,0.0,850.0
998,22.0,0.0,43.999998,0.0,0.0,850.0
999,21.0,0.0,44.0,0.0,0.0,850.0
1000,20.0,0.0,89.0,0.0,0.0,850.0
1001,19.0,0.0,74.000002,0.0,0.0,850.0
1002,17.9,0.0,89.0,0.0,0.0,850.0
1003,17.4,0.0,89.0,100.0,100.0,850.0
1004,15.2,0.0,0.0,100.0,100.0,850.0
1005,15.2,0.0,0.0,100.0,100.0,400.0
1006,15.2,0.0,0.0,100.0,100.0,400.0
1007,15.2,0.0,0.0,100.0,100.0,400.0
1008,15.2,0.0,0.0,100.0,100.0,400.0
1009,15.2,0.0,0.0,100.0,100.0,400.0
1010,15.2,0.0,0.0,100.0,100.0,400.0
1011,16.2,0.0,1.5,100.0,100.0,850.0
1012,17.2,0.0,88.999999,100.0,100.0,850.0
1013,17.9,0.0,89.0,100.0,100.0,850.0
1014,17.9,0.0,89.0,83.3,83.3,850.0
1015,18.9,0.0,89.0,0.0,0.0,850.0
1016,19.9,0.0,89.0,0.0,0.0,850.0
1017,20.9,0.0,89.0,0.0,0.0,850.0
1018,21.3,0.0,59.0,0.0,0.0,850.0
1019,21.0,0.0,67.999999,0.0,0.0,900.0
1020,21.8,0.0,56.0,0.0,0.0,900.0
1021,22.0,0.0,32.0,0.0,0.0,900.0
1022,22.0,0.0,20.000001,0.0,0.0,900.0
1023,21.0,0.0,20.0,0.0,0.0,900.0
1024,19.7,0.0,44.0,0.0,0.0,900.0
1025,18.4,0.0,32.000001,0.0,0.0,900.0
1026,17.1,0.0,56.0,0.0,0.0,900.0
1027,16.5,0.0,68.0,100.0,100.0,900.0
1028,14.0,0.0,0.0,100.0,100.0,900.0
1029,14.0,0.0,0.0,100.0,100.0,450.0
1030,14.0,0.0,0.0,100.0,100.0,450.0
1031,14.0,0.0,0.0,100.0,100.0,450.0
1032,14.0,0.0,0.0,100.0,100.0,450.0
1033,14.0,0.0,0.0,100.0,100.0,450.0
1034,14.0,0.0,0.0,100.0,100.0,450.0
1035,15.1,0.0,3.3,100.0,100.0,900.0
1036,16.1,0.0,68.0,100.0,100.0,900.0
1037,17.1,0.0,68.0,100.0,100.0,900.0
1038,17.4,0.0,68.0,83.3,83.3,900.0
1039,18.4,0.0,68.0,0.0,0.0,900.0
1040,19.4,0.0,68.0,0.0,0.0,900.0
1041,20.4,0.0,56.0,0.0,0.0,900.0
1042,21.0,0.0,44.0,0.0,0.0,900.0
1043,21.0,0.0,43.999999,0.0,0.0,900.0
1044,22.0,0.0,20.0,0.0,0.0,900.0
1045,22.0,0.0,20.0,0.0,0.0,900.0
1046,22.0,0.0,11.999999,0.0,0.0,900.0
1047,21.0,0.0,12.0,0.0,0.0,900.0
1048,20.0,0.0,24.0,0.0,0.0,900.0
1049,19.0,0.0,48.000001,0.0,0.0,900.0
1050,18.0,0.0,68.0,0.0,0.0,900.0
1051,17.5,0.0,68.0,100.0,100.0,900.0
1052,14.0,0.0,0.0,100.0,100.0,900.0
1053,14.0,0.0,0.0,100.0,100.0,450.0
1054,14.0,0.0,0.0,100.0,100.0,450.0
1055,14.0,0.0,0.0,100.0,100.0,450.0
1056,14.0,0.0,0.0,100.0,100.0,450.0
1057,14.0,0.0,0.0,100.0,100.0,450.0
1058,14.0,0.0,0.0,100.0,100.0,450.0
1059,15.1,0.0,5.6,100.0,100.0,900.0
1060,16.1,0.0,68.0,100.0,100.0,900.0
1061,17.1,0.0,68.0,100.0,100.0,900.0
1062,17.4,0.0,68.0,83.3,83.3,900.0
1063,18.4,0.0,68.0,0.0,0.0,900.0
1064,19.4,0.0,68.0,0.0,0.0,900.0
1065,20.4,0.0,56.0,0.0,0.0,900.0
1066,21.0,0.0,56.0,0.0,0.0,900.0
1067,21.0,0.0,31.999999,0.0,0.0,900.0
1068,22.0,0.0,8.0,0.0,0.0,900.0
1069,22.0,0.0,0.0,0.0,0.0,900.0
1070,22.0,0.0,24.0,0.0,0.0,900.0
1071,21.0,0.0,24.0,0.0,0.0,900.0
1072,20.0,0.0,24.0,0.0,0.0,900.0
1073,19.0,0.0,48.0,0.0,0.0,900.0
1074,18.0,0.0,60.0,0.0,0.0,900.0
1075,17.5,0.0,68.0,100.0,100.0,900.0
1076,14.0,0.0,0.0,100.0,100.0,900.0
1077,14.0,0.0,0.0,100.0,100.0,450.0
1078,14.0,0.0,0.0,100.0,100.0,450.0
1079,14.0,0.0,0.0,100.0,100.0,450.0
1080,14.0,0.0,0.0,100.0,100.0,450.0
1081,14.0,0.0,0.0,100.0,100.0,450.0
1082,14.0,0.0,0.0,100.0,100.0,450.0
1083,15.1,0.0,7.8,100.0,100.0,900.0
1084,16.1,0.0,68.0,100.0,100.0,900.0
1085,17.1,0.0,68.0,100.0,100.0,900.0
1086,17.5,0.0,68.0,83.3,83.3,900.0
1087,18.5,0.0,68.0,0.0,0.0,900.0
1088,19.5,0.0,68.0,0.0,0.0,900.0
1089,20.5,0.0,56.0,0.0,0.0,900.0
1090,21.0,0.0,44.0,0.0,0.0,900.0
1091,21.0,0.0,43.999999,0.0,0.0,900.0
1092,21.0,0.0,43.999999,0.0,0.0,900.0
1093,22.0,0.0,32.0,0.0,0.0,900.0
1094,22.0,0.0,32.0,0.0,0.0,900.0
1095,21.0,0.0,32.0,0.0,0.0,900.0
1096,20.0,0.0,32.0,0.0,0.0,900.0
1097,19.0,0.0,32.0,0.0,0.0,900.0
1098,18.1,0.0,32.0,0.0,0.0,900.0
1099,17.5,0.0,32.0,100.0,100.0,900.0
1100,14.0,0.0,0.0,100.0,100.0,900.0
1101,14.0,0.0,0.0,100.0,100.0,450.0
1102,14.0,0.0,0.0,100.0,100.0,450.0
1103,14.0,0.0,0.0,100.0,100.0,450.0
1104,14.0,0.0,0.0,100.0,100.0,450.0
1105,14.0,0.0,0.0,100.0,100.0,450.0
1106,14.0,0.0,0.0,100.0,100.0,450.0
1107,14.0,0.0,0.0,100.0,100.0,450.0
1108,14.0,0.0,0.0,100.0,100.0,450.0
1109,14.0,0.0,0.0,100.0,100.0,450.0
1110,14.0,0.0,0.0,100.0,100.0,450.0
1111,14.0,0.0,0.0,100.0,100.0,450.0
1112,14.0,0.0,0.0,100.0,100.0,450.0
1113,14.0,0.0,0.0,100.0,100.0,450.0
1114,14.0,0.0,0.0,100.0,100.0,450.0
1115,14.0,0.0,0.0,100.0,100.0,450.0
1116,14.0,0.0,0.0,100.0,100.0,450.0
1117,14.0,0.0,0.0,100.0,100.0,450.0
1118,14.0,0.0,0.0,100.0,100.0,450.0
1119,14.0,0.0,0.0,100.0,100.0,450.0
1120,14.0,0.0,0.0,100.0,100.0,450.0
1121,14.0,0.0,0.0,100.0,100.0,450.0
1122,14.0,0.0,0.0,100.0,100.0,450.0
1123,14.0,0.0,0.0,100.0,100.0,450.0
1124,14.0,0.0,0.0,100.0,100.0,450.0
1125,14.0,0.0,0.0,100.0,100.0,450.0
1126,14.0,0.0,0.0,100.0,100.0,450.0
1127,14.0,0.0,0.0,100.0,100.0,450.0
1128,14.0,0.0,0.0,100.0,100.0,450.0
1129,14.0,0.0,0.0,100.0,100.0,450.0
1130,14.0,0.0,0.0,100.0,100.0,450.0
1131,14.0,0.0,0.0,100.0,100.0,450.0
1132,14.0,0.0,0.0,100.0,100.0,450.0
1133,14.0,0.0,0.0,100.0,100.0,450.0
1134,14.0,0.0,0.0,100.0,100.0,450.0
1135,14.0,0.0,0.0,100.0,100.0,450.0
1136,14.0,0.0,0.0,100.0,100.0,450.0
1137,14.0,0.0,0.0,100.0,100.0,450.0
1138,14.0,0.0,0.0,100.0,100.0,450.0
1139,14.0,0.0,0.0,100.0,100.0,450.0
1140,14.0,0.0,0.0,100.0,100.0,450.0
1141,14.0,0.0,0.0,100.0,100.0,450.0
1142,14.0,0.0,0.0,100.0,100.0,450.0
1143,14.0,0.0,0.0,100.0,100.0,450.0
1144,14.0,0.0,0.0,100.0,100.0,450.0
1145,14.0,0.0,0.0,100.0,100.0,450.0
1146,14.0,0.0,0.0,100.0,100.0,450.0
1147,14.0,0.0,0.0,100.0,100.0,450.0
1148,14.0,0.0,0.0,100.0,100.0,450.0
1149,14.0,0.0,0.0,100.0,100.0,450.0
1150,14.0,0.0,0.0,100.0,100.0,450.0
1151,14.0,0.0,0.0,100.0,100.0,450.0
1152,14.0,0.0,0.0,100.0,100.0,450.0
