,Tair,Rhair,CO2air,PARin
0,10.0,82.5,524.0,0.0
1,9.8,82.9,518.000001,0.0
2,9.9,83.3,528.0,0.0
3,10.1,83.8,522.0,0.0
4,10.2,84.4,522.000001,0.0
5,10.3,84.9,528.0,0.0
6,10.5,85.3,526.0,0.0
7,10.6,85.7,520.0,0.0
8,10.8,86.0,526.0,0.0
9,10.8,85.4,525.0,0.0
10,11.7,82.2,528.999999,7.0
11,12.4,78.9,518.000001,10.0
12,13.2,77.6,517.0,12.0
13,14.4,76.1,528.0,23.0
14,15.8,74.3,514.000001,37.999999
15,16.8,72.4,509.0,24.0
16,16.7,72.5,514.000001,14.000001
17,15.6,73.9,528.999999,7.0
18,14.3,76.9,515.0,0.0
19,20.7,52.0,481.0,0.0
20,19.3,58.0,482.000001,0.0
21,17.6,64.8,492.0,29.0
22,17.7,64.6,487.0,0.0
23,17.9,64.1,486.0,0.0
24,18.0,63.4,481.0,0.0
25,17.9,63.9,490.0,0.0
26,17.8,63.5,486.000001,0.0
27,17.7,63.3,490.0,0.0
28,17.7,62.9,485.000001,0.0
29,18.0,63.2,486.0,0.0
30,18.1,63.2,488.0,0.0
31,17.9,64.3,493.0,0.0
32,18.0,63.7,489.0,0.0
33,17.8,64.8,620.0,45.0
34,17.6,66.9,601.000001,19.0
35,18.6,66.5,607.0,0.0
36,18.7,73.4,584.0,24.0
37,19.6,73.5,564.0,97.000002
38,21.6,66.2,533.000001,51.000002
39,20.4,76.1,511.0,98.0
40,19.3,71.6,523.000001,19.000002
41,18.6,72.0,523.0,13.0
42,18.1,73.6,529.0,0.0
43,17.7,74.4,528.999999,0.0
44,17.8,73.5,520.0,0.0
45,17.9,73.7,527.0,0.0
46,18.0,72.5,528.0,0.0
47,18.1,71.8,532.999999,0.0
48,18.0,73.0,522.0,0.0
49,18.1,73.2,518.0,0.0
50,18.0,73.4,519.0,0.0
51,17.8,73.6,519.0,0.0
52,18.1,72.4,511.0,0.0
53,18.0,72.9,511.0,0.0
54,17.9,72.5,514.0,0.0
55,18.0,72.0,507.000001,0.0
56,17.8,72.6,506.000001,0.0
57,17.0,75.3,512.0,0.0
58,16.0,78.4,517.0,0.0
59,15.5,80.0,514.000001,0.0
60,15.9,77.4,1133.0,0.0
61,16.1,75.6,1017.000002,0.0
62,16.7,73.2,1088.0,0.0
63,19.7,62.6,962.0,192.0
64,20.4,60.9,882.000001,219.999997
65,19.9,74.9,796.000002,259.0
66,20.4,75.0,777.0,248.0
67,20.2,73.5,728.999999,268.999998
68,20.4,75.0,756.999997,295.999999
69,20.1,77.5,730.0,296.0
70,20.2,76.0,735.999997,296.0
71,20.3,72.5,770.0,295.0
72,20.3,73.9,813.0,296.0
73,20.2,73.3,718.000004,295.0
74,20.0,74.4,758.999998,296.0
75,20.1,72.9,746.0,285.0
76,20.2,73.4,769.0,284.000001
77,20.2,72.9,716.000002,296.0
78,20.0,74.6,760.0,296.0
79,20.1,73.5,719.000002,295.999999
80,20.0,73.7,710.999999,297.0
81,19.9,76.1,808.0,294.0
82,20.6,75.3,752.0,295.0
83,21.5,77.0,761.000002,284.000001
84,20.3,76.7,890.0,33.0
85,19.5,73.4,943.000002,144.999999
86,19.2,75.3,896.000002,227.999999
87,19.0,72.2,917.0,198.0
88,18.4,73.7,910.000002,163.0
89,19.4,71.3,907.999999,225.0
90,18.4,73.6,899.0,264.0
91,18.7,74.9,904.0,296.999999
92,19.2,73.9,971.0,296.0
93,19.4,73.0,949.0,297.0
94,19.4,72.5,964.999997,297.0
95,18.8,74.4,906.999998,296.0
96,18.0,75.4,926.0,0.0
97,17.7,70.9,932.000001,0.0
98,17.8,70.9,940.999999,0.0
99,17.7,73.7,943.0,0.0
100,18.2,71.1,908.0,0.0
101,18.1,72.9,912.0,0.0
102,17.7,74.6,920.0,0.0
103,17.7,71.3,921.0,0.0
104,18.2,70.7,930.999999,0.0
105,19.3,73.3,902.0,242.0
106,20.8,73.1,922.000001,48.000023
107,20.4,73.4,912.0,119.999999
108,20.0,79.9,890.0,122.0
109,21.9,76.8,1118.999999,180.99999
110,22.1,69.800001,926.999995,132.000004
111,21.3,79.0,1017.0,132.0
112,20.5,73.3,1190.999994,55.000001
113,19.8,73.6,1053.0,243.999999
114,19.9,75.5,940.0,282.0
115,20.0,72.6,951.000001,281.0
116,20.1,75.7,937.999999,295.0
117,20.1,73.3,917.0,296.0
118,19.9,74.3,901.000001,277.000001
119,20.1,72.3,920.999999,295.0
120,18.8,73.6,907.0,0.0
121,17.8,75.6,973.000001,0.0
122,17.8,73.9,960.0,0.0
123,17.9,73.2,913.0,0.0
124,17.8,73.6,894.000002,0.0
125,17.8,73.0,931.999997,0.0
126,18.1,73.1,899.0,0.0
127,18.0,73.3,957.000002,0.0
128,18.0,74.1,928.999999,0.0
129,19.6,74.9,907.0,276.0
130,19.9,75.6,920.999999,261.999998
131,20.2,76.3,885.000005,243.999999
132,19.9,74.9,926.0,259.0
133,19.4,75.4,994.0,133.000012
134,19.5,73.7,909.999999,73.0
135,19.0,74.8,920.0,38.0
136,18.8,77.2,920.999999,64.999998
137,19.4,73.6,903.0,252.000002
138,19.3,72.2,917.0,252.0
139,19.6,73.7,897.000001,286.0
140,19.6,72.4,977.999998,295.0
141,19.5,71.6,934.0,295.0
142,19.0,71.3,926.000001,295.0
143,18.9,72.6,895.000004,295.0
144,17.8,70.6,933.0,0.0
145,17.4,73.8,902.000001,0.0
146,17.9,71.3,967.999998,0.0
147,17.9,73.8,920.0,0.0
148,17.9,72.8,924.000001,0.0
149,17.9,74.0,924.999999,0.0
150,17.9,74.0,932.0,0.0
151,18.2,71.4,920.000002,0.0
152,18.2,70.9,931.000001,0.0
153,19.4,76.3,949.0,267.0
154,20.1,73.4,934.000001,219.0
155,20.2,75.3,914.999999,91.999998
156,20.3,80.4,908.0,119.0
157,21.6,72.1,1089.000011,152.999993
158,21.3,73.800001,1036.999997,163.0
159,21.4,77.6,984.0,46.0
160,20.5,78.399999,1004.999996,65.000001
161,19.3,75.6,1091.999998,197.000001
162,19.6,73.3,983.0,268.0
163,20.3,74.8,926.999997,295.0
164,20.3,74.8,928.999999,294.999999
165,19.8,76.4,896.0,285.0
166,20.2,74.7,958.000001,295.0
167,20.4,73.4,923.0,294.0
168,18.5,78.4,922.0,0.0
169,17.8,78.0,913.0,0.0
170,17.8,77.3,954.999998,0.0
171,17.8,77.1,913.0,0.0
172,18.0,76.6,935.0,0.0
173,18.0,77.2,915.000001,0.0
174,18.1,77.2,936.0,0.0
175,18.3,76.5,926.999998,0.0
176,18.1,77.3,909.999999,0.0
177,20.2,74.0,898.0,285.0
178,21.1,75.4,895.000002,54.000013
179,20.8,71.100001,895.000014,81.0
180,21.3,76.6,927.0,120.0
181,21.0,79.899999,1122.999988,132.0
182,21.5,72.600001,1214.999994,95.000001
183,21.1,79.9,1016.0,76.0
184,21.5,81.0,982.000003,63.0
185,20.4,78.3,995.999999,181.0
186,20.5,78.3,918.0,281.0
187,20.7,78.3,925.0,293.0
188,20.9,77.2,1076.0,244.000005
189,21.3,73.8,1010.0,292.0
190,21.2,76.1,1017.0,293.0
191,21.2,75.5,1015.999998,293.0
192,18.4,82.5,1012.0,0.0
193,18.2,80.6,945.0,0.0
194,18.0,80.1,918.0,0.0
195,17.8,80.0,932.0,0.0
196,18.0,78.8,942.999999,0.0
197,18.0,78.6,916.0,0.0
198,18.1,78.3,937.0,0.0
199,18.1,77.4,942.0,0.0
200,17.9,77.5,933.999999,0.0
201,20.1,74.1,916.0,273.0
202,20.9,74.2,902.0,198.0
203,21.0,73.7,970.000002,86.0
204,20.9,77.2,933.0,68.0
205,21.0,79.8,1017.000004,109.999998
206,20.8,75.8,999.0,146.0
207,20.6,79.0,979.0,43.0
208,20.3,75.3,923.0,224.999995
209,20.6,75.4,918.000001,259.999999
210,20.9,75.0,935.0,280.0
211,20.7,79.4,903.999999,292.999999
212,21.3,75.6,1239.999994,280.000001
213,21.2,74.2,1006.0,281.0
214,21.2,74.1,1234.000008,277.000001
215,21.2,75.2,1025.999996,292.0
216,18.6,81.6,1012.0,0.0
217,18.4,80.4,967.000001,0.0
218,18.0,79.5,900.000004,0.0
219,17.8,79.0,906.0,0.0
220,18.1,76.9,923.999998,0.0
221,18.1,75.7,934.999999,0.0
222,18.0,75.3,923.0,0.0
223,18.1,75.2,926.0,0.0
224,17.9,74.7,906.0,0.0
225,20.0,72.0,934.0,246.0
226,20.8,73.4,970.000002,140.0
227,20.7,78.8,879.000003,70.0
228,21.1,74.0,936.0,134.0
229,21.0,77.2,1061.000004,71.000004
230,20.7,81.3,908.999999,90.999999
231,20.8,74.2,944.0,95.0
232,20.3,73.2,940.0,38.000001
233,19.6,76.5,979.000001,186.0
234,20.0,73.7,899.0,265.0
235,20.2,75.9,956.999999,2.9e-05
236,18.0,76.0,909.000002,0.0
237,17.6,74.8,907.0,0.0
238,17.8,72.2,916.000001,0.0
239,17.9,70.8,920.000002,0.0
240,17.6,74.5,955.0,0.0
241,18.1,73.3,982.000001,0.0
242,18.2,71.8,923.000002,0.0
243,17.9,71.1,958.0,0.0
244,20.0,74.2,927.000002,291.0
245,20.2,73.6,905.000001,291.0
246,19.7,76.7,913.0,291.0
247,19.7,74.3,990.0,290.0
248,19.3,75.3,964.000002,290.999999
249,20.0,72.3,905.0,181.0
250,19.8,72.0,934.0,54.000001
251,20.5,74.1,905.999999,96.0
252,21.8,79.3,979.0,139.0
253,23.3,72.4,961.999992,185.999997
254,20.7,82.699999,955.999997,59.000004
255,20.5,74.1,928.0,71.0
256,19.9,78.9,961.000001,113.999995
257,19.3,76.3,950.999999,181.0
258,19.7,77.3,921.0,255.0
259,17.8,74.1,920.0,0.0
260,17.5,73.0,910.999999,0.0
261,17.8,71.7,943.0,0.0
262,17.5,74.3,889.000002,0.0
263,17.8,71.8,923.999999,0.0
264,17.9,73.5,894.0,0.0
265,18.1,71.4,906.999999,0.0
266,18.3,70.7,925.000001,0.0
267,18.1,70.4,917.0,0.0
268,20.2,72.1,890.000001,290.0
269,19.7,72.0,906.000001,290.0
270,19.0,74.1,906.0,281.0
271,19.4,71.1,957.000002,290.0
272,19.1,73.0,921.0,280.000001
273,18.9,71.2,922.0,236.0
274,19.3,73.9,912.0,62.0
275,20.5,83.5,995.999998,107.0
276,22.6,69.7,829.0,136.0
277,21.0,73.999999,830.0,148.999999
278,22.3,79.0,968.999994,149.999999
279,22.6,68.5,909.0,131.0
280,20.3,79.399999,919.999992,85.000001
281,19.5,76.6,945.999999,188.0
282,20.4,73.3,902.0,0.0
283,18.0,75.0,944.0,0.0
284,17.6,72.7,940.999999,0.0
285,17.8,71.2,909.0,0.0
286,18.0,71.4,930.999999,0.0
287,17.8,71.2,935.999999,0.0
288,18.1,70.5,923.0,0.0
289,17.9,72.6,912.000001,0.0
290,18.0,73.5,909.000001,0.0
291,18.2,72.6,918.0,297.0
292,19.6,75.2,930.000001,290.0
293,19.6,71.7,911.999999,289.0
294,19.3,73.7,901.0,290.0
295,19.6,73.7,926.000003,289.0
296,19.9,73.1,969.999998,290.0
297,19.6,72.9,946.0,261.0
298,19.4,72.9,965.000001,165.0
299,19.4,82.7,910.0,97.0
300,21.5,75.2,912.0,138.0
301,22.2,77.0,963.000007,156.000002
302,20.4,83.299999,1003.999997,114.0
303,21.3,73.1,880.0,70.0
304,20.2,74.7,885.000002,117.0
305,20.6,73.4,970.000003,203.0
306,20.9,76.1,1020.0,0.0
307,18.5,76.6,954.000002,0.0
308,18.0,77.9,946.999998,0.0
309,18.0,77.5,918.0,0.0
310,17.9,78.1,938.000002,0.0
311,18.1,77.8,947.999997,0.0
312,17.9,79.2,938.0,0.0
313,18.0,79.5,920.000002,0.0
314,18.1,79.7,910.0,0.0
315,17.9,80.4,984.0,299.0
316,21.0,77.3,906.999999,289.0
317,21.6,74.2,938.999996,289.0
318,21.5,72.7,896.0,289.0
319,21.4,76.7,965.000001,288.0
320,21.2,77.3,899.000002,277.999998
321,20.9,76.4,924.0,251.0
322,21.0,75.9,934.999997,194.000004
323,21.2,74.4,926.000001,187.999991
324,21.7,78.2,896.0,239.0
325,22.3,83.1,895.999985,49.000014
326,22.4,70.000001,762.000004,148.0
327,22.1,83.7,880.0,122.0
328,21.1,74.5,905.000003,79.0
329,20.3,75.1,899.000002,63.000001
330,20.8,77.5,910.0,241.0
331,17.8,81.6,982.000001,0.0
332,17.8,79.6,961.000001,0.0
333,18.0,77.1,918.0,0.0
334,17.9,75.7,953.0,0.0
335,17.9,74.8,926.000001,0.0
336,17.6,74.6,901.0,0.0
337,17.8,73.9,908.000001,0.0
338,18.2,73.4,988.999999,0.0
339,18.2,73.4,912.0,296.0
340,20.5,75.9,917.000002,276.0
341,21.1,74.6,882.000002,289.0
342,21.1,74.5,901.0,289.0
343,21.1,76.2,968.999995,288.0
344,20.7,75.3,896.000002,274.0
345,20.6,76.4,915.0,233.0
346,20.9,80.499999,1016.000006,66.000014
347,21.5,78.9,931.999993,83.000005
348,22.1,76.1,908.0,161.0
349,21.1,79.599999,821.999997,209.999996
350,21.0,75.2,920.999999,70.000007
351,20.6,75.3,926.0,166.0
352,20.1,77.5,911.000001,215.0
353,20.3,74.3,960.000001,244.0
354,20.4,77.5,1001.0,0.0
355,18.7,76.8,913.000001,0.0
356,17.7,79.3,920.999998,0.0
357,17.9,77.7,911.0,0.0
358,18.0,77.3,951.0,0.0
359,18.2,77.8,916.999999,0.0
360,18.0,78.8,956.0,0.0
361,18.0,79.1,926.999998,0.0
362,18.0,79.0,904.000004,0.0
363,17.9,79.1,927.0,0.0
364,20.3,75.1,905.000002,263.000001
365,21.5,74.0,984.000002,277.0
366,21.1,76.0,1065.0,276.0
367,21.1,76.8,923.000003,276.999999
368,21.0,76.0,989.999994,275.999999
369,21.2,76.8,985.0,258.0
370,21.4,79.8,957.999992,251.999999
371,21.6,78.0,822.000003,112.000001
372,21.1,74.8,911.0,51.0
373,20.9,76.3,932.0,77.999997
374,21.3,76.5,913.000002,131.999998
375,21.1,75.4,915.0,109.0
376,20.9,78.1,903.999997,224.0
377,21.5,75.1,1020.0,220.0
378,21.7,74.9,1032.0,0.0
379,19.0,82.6,902.000001,0.0
380,19.4,80.5,990.999999,0.0
381,18.3,83.6,916.0,0.0
382,17.9,84.1,913.000003,0.0
383,17.8,83.9,930.999999,0.0
384,18.0,82.2,969.0,0.0
385,18.0,82.2,978.000001,0.0
386,17.8,80.9,909.999999,0.0
387,17.8,79.4,900.0,286.0
388,20.7,73.7,943.000001,278.0
389,21.1,74.4,920.999996,277.0
390,20.9,78.1,920.0,277.0
391,21.1,74.5,938.999995,276.999999
392,20.8,73.8,948.000001,262.999999
393,20.5,74.5,921.0,118.0
394,20.1,80.0,923.0,67.0
395,22.1,78.6,889.0,108.0
396,23.7,81.1,995.0,149.0
397,25.3,74.100001,826.000003,120.0
398,25.7,77.299999,902.999988,62.000012
399,22.9,73.8,842.0,119.0
400,21.1,76.599999,884.000004,65.000001
401,21.0,75.2,937.999999,188.0
402,21.0,74.7,921.0,0.0
403,18.2,79.9,922.999999,0.0
404,17.6,79.1,935.0,0.0
405,17.8,76.7,910.0,0.0
406,17.9,74.9,913.000001,0.0
407,18.1,75.4,919.999999,0.0
408,18.0,75.8,918.0,0.0
409,17.9,76.2,922.000001,0.0
410,18.1,75.7,915.0,0.0
411,18.1,76.2,910.0,285.0
412,20.9,73.4,946.0,277.0
413,21.2,74.4,876.0,275.999999
414,21.3,75.9,962.0,277.0
415,21.2,75.2,869.000005,276.0
416,21.1,76.2,961.999999,275.0
417,20.7,76.5,915.0,258.0
418,20.9,75.2,922.999998,225.0
419,21.0,79.1,973.999997,234.0
420,20.7,78.2,975.0,148.0
421,19.0,82.2,948.999995,176.000005
422,18.3,78.8,906.000003,233.999993
423,19.3,74.4,937.0,117.0
424,18.9,73.0,891.000004,193.000005
425,18.2,71.0,923.999996,165.999999
426,18.3,71.4,902.0,0.0
427,17.4,70.6,915.999998,0.0
428,17.5,71.8,934.999999,0.0
429,17.8,69.8,913.0,0.0
430,18.1,69.6,920.000002,0.0
431,17.7,70.5,922.999995,0.0
432,17.9,70.8,912.0,0.0
433,17.9,71.0,951.999999,0.0
434,18.3,68.8,940.0,0.0
435,17.9,71.3,973.0,274.0
436,18.8,70.7,941.000003,267.0
437,18.2,72.3,886.000006,268.0
438,17.8,69.9,954.0,268.0
439,17.6,71.5,926.000002,268.0
440,18.0,72.8,921.000005,263.0
441,18.2,71.2,938.0,181.0
442,18.2,72.5,915.999998,77.000001
443,19.6,78.8,964.999999,70.000004
444,21.2,75.8,932.0,127.0
445,23.1,74.0,914.999996,136.000005
446,21.5,75.1,960.999997,131.999997
447,20.6,74.8,926.0,42.0
448,20.8,74.0,933.999998,160.999999
449,20.4,74.3,903.999999,255.0
450,19.8,76.0,906.0,0.0
451,18.0,77.6,946.000001,0.0
452,17.8,77.6,931.999998,0.0
453,18.0,77.8,923.0,0.0
454,18.0,79.4,938.0,0.0
455,18.1,77.7,926.999999,0.0
456,17.8,79.2,916.0,0.0
457,17.8,77.2,931.000002,0.0
458,18.0,78.3,912.999999,0.0
459,18.1,79.0,922.0,290.0
460,20.6,73.1,909.0,283.0
461,20.5,75.1,961.999998,269.0
462,20.3,72.9,1037.0,273.0
463,20.1,78.0,926.999997,283.0
464,20.1,78.9,912.999999,271.000001
465,20.6,78.5,917.0,244.0
466,21.1,78.2,921.000014,246.0
467,20.7,77.0,892.999999,199.999999
468,20.5,77.4,934.0,202.0
469,20.6,77.4,898.000002,193.0
470,20.4,77.2,906.000002,217.999999
471,20.6,76.3,885.0,240.0
472,20.8,78.0,906.000002,244.000001
473,20.8,76.9,910.999997,257.999999
474,20.8,77.8,908.0,0.0
475,18.4,83.9,990.999991,0.0
476,18.6,82.9,948.999997,0.0
477,18.3,83.4,963.0,0.0
478,17.9,83.5,946.0,0.0
479,17.5,81.9,926.999998,0.0
480,18.0,79.1,905.0,0.0
481,17.9,79.3,988.000001,0.0
482,18.0,79.2,922.999998,0.0
483,18.2,78.3,944.0,290.0
484,20.4,75.5,906.999998,283.0
485,20.6,73.2,891.000003,283.0
486,20.0,77.1,1015.0,282.0
487,19.9,75.1,917.999999,283.0
488,19.3,73.7,1031.999998,268.0
489,19.3,74.1,904.0,245.0
490,19.3,74.5,954.0,251.0
491,19.8,72.6,997.999997,253.999995
492,19.1,74.1,985.0,197.0
493,19.1,75.3,915.999998,172.999996
494,19.6,77.4,914.999999,163.999999
495,21.0,75.0,937.0,223.0
496,20.9,74.7,924.999995,230.999996
497,20.6,81.1,918.0,144.999999
498,20.4,79.8,993.0,239.0
499,17.5,83.5,937.000001,0.0
500,17.7,80.3,919.999998,0.0
501,17.9,78.8,938.0,0.0
502,17.8,78.7,903.0,0.0
503,17.9,77.4,931.0,0.0
504,18.1,77.8,920.0,0.0
505,18.0,78.0,916.0,0.0
506,17.8,78.4,922.0,0.0
507,17.9,78.5,913.0,0.0
508,17.9,79.3,915.999997,0.0
509,17.8,79.2,906.0,0.0
510,17.9,79.0,978.0,0.0
511,18.0,80.2,930.0,0.0
512,18.0,79.6,948.0,0.0
513,20.3,75.3,913.0,220.0
514,21.5,73.9,920.000002,193.000001
515,20.3,73.5,937.999997,44.0
516,19.5,77.7,923.0,154.0
517,20.3,77.1,918.000001,101.000003
518,20.5,77.6,935.999998,161.000001
519,20.3,78.6,957.0,110.0
520,20.4,78.7,938.000002,224.000002
521,20.8,77.6,1014.999999,178.0
522,20.7,80.3,959.0,236.0
523,18.6,83.9,955.999994,0.0
524,18.0,83.3,909.0,0.0
525,17.8,82.6,933.0,0.0
526,17.8,81.7,908.000002,0.0
527,17.8,80.8,912.0,0.0
528,17.9,79.9,921.0,0.0
529,18.0,79.2,918.000001,0.0
530,17.9,79.7,985.0,0.0
531,17.9,78.9,930.0,293.0
532,20.4,73.5,964.999995,282.999999
533,20.5,72.8,1067.999999,283.0
534,20.3,74.4,911.0,283.0
535,20.2,74.8,904.999999,283.0
536,19.5,73.6,917.999999,261.0
537,19.3,73.8,917.0,111.0
538,20.0,81.5,914.999999,75.0
539,22.4,68.4,809.000005,109.000001
540,23.4,65.5,899.0,146.0
541,23.7,83.4,858.999999,173.000001
542,24.7,72.899999,945.999986,172.999999
543,21.8,71.5,773.0,103.0
544,20.9,77.199999,923.999989,112.000001
545,21.3,75.0,943.999997,178.000002
546,21.5,77.5,859.0,239.0
547,19.2,79.9,974.000001,0.0
548,18.6,81.9,981.999999,0.0
549,17.8,84.5,929.0,0.0
550,17.6,83.3,912.999999,0.0
551,17.9,83.1,916.999998,0.0
552,17.9,83.1,905.0,0.0
553,17.8,82.7,934.000001,0.0
554,17.8,82.6,908.000001,0.0
555,17.9,82.7,948.0,0.0
556,20.4,77.3,904.000003,283.0
557,21.2,76.2,951.000006,283.0
558,21.3,78.8,938.0,283.0
559,21.1,76.5,1088.999978,282.999999
560,20.5,79.6,911.000001,280.999998
561,21.2,76.8,890.0,200.0
562,21.0,78.0,927.999998,168.0
563,21.9,73.1,953.999991,172.999994
564,20.6,82.3,959.0,148.0
565,20.2,77.3,931.0,170.000001
566,20.4,75.1,987.999999,98.000001
567,18.9,78.7,921.0,167.0
568,19.9,76.2,946.000002,277.999988
569,19.4,81.5,912.999998,215.0
570,19.8,75.4,943.0,0.0
571,17.8,80.1,923.000002,0.0
572,17.6,78.6,954.0,0.0
573,17.6,78.1,951.0,0.0
574,17.9,76.9,896.000002,0.0
575,18.1,77.5,920.999999,0.0
576,18.0,77.0,948.0,0.0
577,17.8,77.9,924.999996,0.0
578,17.8,77.9,915.0,0.0
579,18.0,77.6,901.0,0.0
580,20.1,75.6,894.000002,283.0
581,20.2,78.2,972.999999,281.0
582,20.6,73.9,1066.0,282.0
583,20.2,75.2,899.0,283.0
584,19.5,76.6,1027.999998,258.0
585,20.3,77.8,952.0,182.0
586,20.3,74.6,929.0,223.999996
587,20.7,73.8,920.999998,171.000003
588,21.2,80.4,940.0,203.0
589,24.5,76.8,952.999998,238.999994
590,22.9,75.299999,934.999992,77.00001
591,22.1,73.5,960.0,189.0
592,21.2,74.0,920.000002,118.999991
593,20.9,76.1,922.999999,46.000002
594,20.0,78.8,915.0,200.0
595,18.5,74.4,927.000001,0.0
596,17.7,75.4,921.999999,0.0
597,17.9,72.8,921.0,0.0
598,17.9,71.8,925.000001,0.0
599,17.9,71.4,964.999999,0.0
600,17.8,71.1,913.0,0.0
601,18.0,71.6,944.0,0.0
602,18.2,70.9,941.999999,0.0
603,17.9,73.3,923.0,296.0
604,19.9,73.1,925.999998,287.0
605,19.6,74.9,912.999999,285.0
606,19.6,73.9,986.0,285.0
607,19.4,73.5,924.000002,275.000001
608,19.5,71.2,900.000001,260.999995
609,18.6,72.9,907.0,40.0
610,19.4,77.7,937.0,81.0
611,22.9,78.4,1296.000013,117.0
612,22.7,82.4,874.0,151.0
613,26.0,72.100001,863.000004,151.0
614,26.1,78.499999,1083.999989,153.000001
615,22.6,80.6,884.0,111.0
616,22.4,79.0,939.000001,103.000001
617,21.2,75.9,873.000007,116.999992
618,20.5,77.5,907.0,0.0
619,18.4,74.5,924.000001,0.0
620,17.8,72.6,925.0,0.0
621,17.6,73.3,915.0,0.0
622,18.2,70.5,970.000001,0.0
623,18.1,71.4,923.0,0.0
624,18.0,72.4,931.0,0.0
625,17.7,72.7,907.000001,0.0
626,18.0,71.3,919.999999,0.0
627,17.9,73.8,926.0,295.0
628,20.1,72.7,935.000001,285.0
629,19.5,74.0,925.999998,271.0
630,19.3,71.4,915.0,285.0
631,19.0,73.6,909.999999,285.999999
632,18.4,74.4,898.000004,246.0
633,19.3,74.3,908.0,192.0
634,20.0,74.5,959.000002,83.0
635,22.6,74.5,959.999991,120.0
636,24.1,65.1,810.0,158.0
637,23.0,81.899999,919.999998,178.0
638,25.2,71.799999,862.999991,168.0
639,23.5,80.9,1030.0,141.0
640,21.9,82.999999,989.99999,101.0
641,21.3,79.799999,1002.999998,45.0
642,21.0,75.8,902.0,188.0
643,17.9,78.4,917.999999,0.0
644,17.8,73.5,965.0,0.0
645,17.8,70.5,897.0,0.0
646,18.0,70.9,930.999998,0.0
647,17.7,73.5,923.0,0.0
648,17.9,70.5,921.0,0.0
649,18.2,70.7,912.999999,0.0
650,18.0,71.3,917.0,0.0
651,18.1,70.7,1024.0,0.0
652,19.8,73.6,943.000002,286.0
653,19.4,75.0,896.0,286.0
654,19.2,72.8,985.0,286.0
655,19.0,72.0,913.000002,285.999999
656,18.6,72.7,899.000002,231.0
657,18.2,71.1,949.0,39.0
658,19.5,79.0,900.999999,85.0
659,22.9,78.0,1018.0,122.0
660,24.3,80.6,895.0,158.0
661,23.8,80.599999,870.99999,177.999999
662,24.1,79.7,851.000013,167.0
663,23.6,72.6,974.0,137.0
664,23.0,83.6,974.000001,104.000001
665,21.0,75.000001,887.999999,43.0
666,20.7,76.2,937.0,113.0
667,18.3,79.1,912.0,0.0
668,17.6,76.3,951.0,0.0
669,17.8,72.4,917.0,0.0
670,17.8,71.0,916.000001,0.0
671,17.7,73.9,970.0,0.0
672,17.9,73.0,903.0,0.0
673,18.0,71.7,915.000001,0.0
674,18.0,71.6,920.0,0.0
675,18.2,72.2,946.0,0.0
676,20.1,74.6,917.999999,284.999999
677,21.0,73.0,935.999993,269.000002
678,21.2,75.5,929.0,284.0
679,21.1,75.3,996.000004,274.0
680,21.1,77.6,886.000006,259.999999
681,21.1,73.9,910.0,208.0
682,21.2,75.1,927.000002,244.000001
683,20.3,78.2,971.999998,156.000001
684,19.8,77.4,896.0,196.0
685,22.7,75.400001,895.000005,161.000002
686,21.4,74.4,943.999998,100.000002
687,20.9,76.6,943.0,124.0
688,20.9,77.8,899.000001,173.000001
689,21.1,77.4,912.000003,216.999999
690,20.9,78.5,940.0,215.0
691,18.4,81.0,981.999994,0.0
692,18.3,78.9,917.999998,0.0
693,17.9,79.4,921.0,0.0
694,17.9,78.3,912.000001,0.0
695,17.8,78.3,912.0,0.0
696,17.7,77.5,949.0,0.0
697,17.8,76.4,965.0,0.0
698,17.8,76.2,919.999999,0.0
699,18.1,75.0,944.0,0.0
700,20.6,73.6,939.999997,284.0
701,21.3,77.1,1008.000003,284.0
702,21.2,77.2,920.0,284.0
703,21.0,78.2,918.000009,284.0
704,20.9,76.2,893.000005,249.0
705,20.6,78.1,922.0,147.0
706,21.6,75.1,881.999998,98.0
707,21.6,78.7,1001.000004,127.999999
708,23.1,84.0,937.0,168.0
709,25.9,72.900001,967.00002,195.999999
710,27.5,67.8,901.999994,449.999998
711,24.9,80.8,859.0,114.0
712,23.9,80.9,920.000001,92.0
713,22.2,74.0,978.999996,44.0
714,21.6,74.4,976.0,0.0
715,18.9,81.8,911.0,0.0
716,18.1,80.0,964.999998,0.0
717,17.8,79.3,902.0,0.0
718,17.8,78.5,948.000001,0.0
719,17.7,76.2,947.999999,0.0
720,17.8,76.2,953.0,0.0
721,17.9,74.5,919.999998,0.0
722,18.2,73.9,925.0,0.0
723,18.0,73.9,900.0,0.0
724,19.9,75.0,952.999994,283.0
725,20.1,73.7,1039.999999,284.0
726,19.8,74.3,921.0,275.0
727,19.4,73.3,962.000001,274.000001
728,19.1,74.4,920.000004,230.0
729,19.0,74.7,925.0,44.0
730,19.0,74.7,925.0,44.0
731,23.1,80.2,1060.999993,123.0
732,23.8,83.6,943.0,161.0
733,25.0,82.1,931.999994,175.0
734,24.7,77.600001,941.999998,167.0
735,24.7,77.600001,941.999998,167.0
736,25.0,76.400001,941.999998,91.000001
737,22.0,79.4,972.999997,48.0
738,21.0,75.5,921.0,0.0
739,18.5,80.8,915.999999,0.0
740,17.9,79.5,906.000001,0.0
741,17.8,77.9,916.0,0.0
742,17.6,77.1,916.000002,0.0
743,17.7,75.1,927.0,0.0
744,17.8,75.0,912.0,0.0
745,17.9,73.6,904.000001,0.0
746,17.9,73.6,906.000004,0.0
747,17.8,73.4,920.0,290.0
748,19.8,72.6,915.999998,283.0
749,19.8,73.2,1066.999997,283.0
750,19.3,72.5,895.0,282.0
751,19.0,73.3,902.000002,284.0
752,19.0,72.1,934.0,250.0
753,18.4,76.2,908.0,48.0
754,20.0,78.0,887.000002,90.0
755,23.2,82.7,1057.000015,127.0
756,24.9,81.1,963.0,166.0
757,25.8,81.9,979.999993,179.0
758,25.5,84.1,835.000004,159.0
759,26.8,77.8,1206.0,128.0
760,23.3,70.7,840.000006,93.0
761,21.9,80.6,961.999999,49.0
762,21.3,76.4,912.0,0.0
763,18.5,80.6,913.0,0.0
764,17.9,79.6,937.999999,0.0
765,17.7,78.2,905.0,0.0
766,17.7,76.7,933.999999,0.0
767,17.9,74.9,972.999999,0.0
768,17.8,74.8,904.0,0.0
769,18.1,73.6,900.000001,0.0
770,18.0,73.7,928.999998,0.0
771,18.1,73.9,945.0,290.0
772,19.7,73.2,908.000001,283.0
773,19.6,72.6,966.999998,283.0
774,19.4,72.3,973.0,283.0
775,19.0,73.1,977.000002,283.0
776,18.6,72.8,945.999999,219.0
777,18.3,77.2,942.0,48.0
778,20.3,76.5,930.000001,92.0
779,23.3,81.8,865.000003,127.0
780,25.6,78.4,1180.0,158.0
781,26.9,80.5,1240.000012,170.0
782,27.1,75.399999,1071.999976,154.0
783,25.3,83.9,920.0,132.0
784,24.6,73.300001,824.00001,93.0
785,22.3,73.6,936.999993,51.0
786,21.1,73.9,923.0,169.0
787,18.0,83.5,954.999999,0.0
788,17.9,79.4,920.999999,0.0
789,17.6,78.3,927.0,0.0
790,17.9,76.3,903.0,0.0
791,17.7,76.2,926.0,0.0
792,18.1,75.3,934.0,0.0
793,18.0,75.1,908.000002,0.0
794,18.0,75.2,913.0,0.0
795,17.8,75.7,899.0,290.0
796,19.8,74.3,940.999999,283.0
797,19.9,73.5,960.999998,281.0
798,19.6,74.5,905.0,283.0
799,19.6,73.4,917.000003,283.0
800,18.9,75.2,948.999999,258.999995
801,18.4,79.2,943.0,54.0
802,20.4,76.5,927.000001,98.0
803,22.8,80.9,832.000022,136.0
804,24.7,74.8,829.0,177.0
805,24.3,81.199999,858.000002,193.999999
806,26.2,76.199999,1090.99997,172.999999
807,25.0,82.4,912.0,145.0
808,23.4,67.700001,801.000021,104.0
809,22.1,75.2,903.000012,56.0
810,19.9,76.1,932.0,171.0
811,18.4,80.2,931.999998,0.0
812,17.7,79.7,959.000003,0.0
813,17.8,78.7,910.0,0.0
814,17.7,77.9,929.999998,0.0
815,17.7,77.4,947.999998,0.0
816,18.2,77.3,955.0,0.0
817,17.9,77.8,922.999999,0.0
818,17.7,76.9,932.999999,0.0
819,17.9,75.5,937.0,0.0
820,20.4,74.0,921.0,282.0
821,20.8,74.4,896.000012,282.0
822,20.3,75.6,900.0,282.0
823,19.7,76.4,988.000003,282.0
824,19.0,75.4,907.000002,203.0
825,18.2,80.5,923.0,51.0
826,20.6,78.3,1010.999998,97.999999
827,23.0,83.4,958.999987,132.0
828,23.6,79.9,902.0,179.0
829,26.2,83.0,878.000004,192.000001
830,26.7,78.099999,1257.999973,175.0
831,23.8,79.7,857.0,146.0
832,22.8,77.199999,908.000006,105.0
833,22.4,75.6,933.999994,55.0
834,20.7,76.0,965.0,0.0
835,18.5,80.7,892.000002,0.0
836,17.7,80.3,923.999998,0.0
837,17.7,78.0,941.0,0.0
838,17.9,76.8,903.000003,0.0
839,17.9,76.1,960.0,0.0
840,18.1,76.0,937.0,0.0
841,17.7,75.5,942.0,0.0
842,17.9,74.6,970.999999,0.0
843,18.0,74.3,900.0,291.0
844,19.6,73.7,901.000001,282.0
845,19.5,73.9,913.0,282.0
846,19.3,73.8,905.0,282.0
847,19.1,75.1,899.0,281.0
848,18.8,74.5,932.999999,223.999994
849,18.0,79.7,923.0,55.0
850,20.4,77.3,923.0,97.0
851,23.3,78.0,901.00001,134.0
852,25.3,74.3,870.0,177.0
853,25.5,81.0,1041.999984,198.0
854,26.5,71.599999,819.000009,180.999999
855,23.8,79.2,920.0,148.0
856,23.5,67.2,811.999998,105.0
857,22.2,79.899999,1002.999993,58.0
858,21.2,74.9,935.0,0.0
859,18.6,81.7,910.0,0.0
860,17.5,81.6,910.000001,0.0
861,17.9,78.7,962.0,0.0
862,17.8,77.6,931.999998,0.0
863,18.0,76.2,910.0,0.0
864,17.9,76.5,934.0,0.0
865,17.7,75.6,941.000001,0.0
866,17.8,75.6,938.999999,0.0
867,17.8,75.5,926.0,290.0
868,19.9,73.7,892.000002,281.0
869,19.8,73.6,972.999997,272.000001
870,19.4,75.6,918.0,281.0
871,19.7,73.8,1003.000003,281.0
872,18.8,75.8,917.999999,229.999996
873,18.1,80.3,923.0,58.0
874,20.9,78.5,948.000001,99.0
875,23.9,81.3,900.99999,134.0
876,26.1,84.5,903.0,169.0
877,28.4,82.0,1017.000012,182.0
878,28.5,80.8,943.000004,169.999999
879,27.7,79.1,1389.0,136.0
880,26.3,68.500001,807.000002,95.0
881,22.8,81.399999,991.99999,52.999999
882,22.1,73.3,916.0,0.0
883,19.8,80.7,929.000001,0.0
884,18.8,83.1,903.000001,0.0
885,18.0,83.4,940.0,0.0
886,17.9,82.4,945.0,0.0
887,17.8,81.0,957.999999,0.0
888,17.9,80.6,904.0,0.0
889,17.8,80.2,920.0,0.0
890,17.8,80.4,918.0,0.0
891,17.9,79.3,932.0,0.0
892,20.2,75.5,903.999999,281.0
893,20.3,75.5,943.999997,281.0
894,20.0,77.2,962.0,281.0
895,19.4,79.2,927.000002,281.0
896,19.3,77.4,940.999998,182.0
897,19.3,79.6,921.0,58.0
898,21.8,76.2,1075.999987,101.999999
899,24.2,79.9,1186.999994,132.0
900,26.4,79.1,804.0,171.0
901,28.2,79.7,1138.000023,183.0
902,29.2,81.9,818.000014,172.999999
903,28.7,82.3,1600.0,129.0
904,26.8,83.4,1016.999998,98.000001
905,23.3,72.200001,827.000015,54.0
906,21.9,79.1,1019.0,179.0
907,20.3,79.5,933.000002,0.0
908,18.7,83.2,922.999998,0.0
909,18.1,83.3,912.0,0.0
910,17.7,83.8,929.999999,0.0
911,16.5,76.8,788.999994,0.0
912,16.6,72.8,796.0,0.0
913,15.6,72.8,701.000001,0.0
914,16.8,72.5,628.0,98.000003
915,17.0,72.2,702.0,122.0
916,16.9,70.5,719.000005,128.0
917,16.4,69.9,673.999999,129.999999
918,16.9,70.1,623.0,122.0
919,17.3,72.4,703.999999,125.0
920,17.8,74.3,737.000002,85.000008
921,18.0,74.4,854.0,109.0
922,20.3,68.9,729.000003,101.999999
923,21.2,57.900001,557.000002,118.000001
924,21.3,51.0,543.0,156.0
925,21.6,50.600002,526.000009,173.0
926,20.9,61.4,569.000001,176.0
927,23.5,72.4,823.0,151.0
928,24.6,67.900001,784.000003,93.0
929,21.8,73.3,962.999999,55.0
930,20.0,72.5,750.0,12.0
931,19.0,80.8,735.0,0.0
932,18.2,84.2,696.999998,0.0
933,18.3,82.6,649.0,0.0
934,18.8,82.0,632.000002,0.0
935,18.4,82.4,618.999999,0.0
936,18.0,84.5,601.0,0.0
937,18.2,84.3,609.000001,0.0
938,17.8,84.7,606.999999,0.0
939,17.9,83.8,605.0,0.0
940,17.8,84.1,592.000001,0.0
941,19.0,81.7,893.000003,123.0
942,18.9,83.7,931.0,127.0
943,18.4,84.8,906.0,127.0
944,18.3,81.2,921.0,168.0
945,20.0,80.9,941.0,83.0
946,21.3,72.0,943.999996,109.000003
947,21.8,72.6,850.999997,192.999992
948,22.4,82.2,900.0,182.0
949,23.7,73.3,818.000002,230.999995
950,24.1,83.499998,961.999983,124.0
951,23.1,70.9,851.0,112.0
952,21.5,77.2,910.0,85.0
953,20.7,76.0,889.000019,34.0
954,19.9,73.5,799.0,19.0
955,19.0,83.8,797.999998,0.0
956,19.9,82.3,731.000003,0.0
957,19.5,84.6,742.0,0.0
958,19.3,84.3,688.999999,0.0
959,19.7,83.3,648.000004,0.0
960,18.9,85.7,628.0,0.0
961,18.0,88.0,619.0,0.0
962,18.2,86.8,611.000001,0.0
963,18.1,87.4,606.0,0.0
964,18.2,86.1,602.000001,0.0
965,18.1,86.2,599.0,0.0
966,17.9,86.7,600.0,0.0
967,17.8,87.4,595.000001,0.0
968,18.4,85.4,605.999999,0.0
969,19.1,83.1,599.0,0.0
970,21.6,83.4,593.000001,0.0
971,23.5,80.199998,580.999996,1e-06
972,24.9,82.7,974.0,155.0
973,27.0,71.200001,818.000005,204.000002
974,27.1,71.3,808.000003,193.999999
975,27.0,68.3,818.0,185.0
976,24.3,80.799999,856.999994,87.000002
977,22.7,80.699999,1018.99999,71.0
978,21.0,76.4,942.0,13.0
979,20.1,71.2,937.999994,0.0
980,19.7,80.1,903.000001,0.0
981,19.5,84.0,849.0,0.0
982,19.4,84.8,782.999997,0.0
983,19.7,84.3,727.999999,0.0
984,18.8,87.1,690.0,0.0
985,17.9,88.8,660.999999,0.0
986,18.2,88.0,643.0,0.0
987,17.9,89.5,630.0,0.0
988,17.8,88.9,629.999999,0.0
989,20.7,81.1,959.000005,281.0
990,21.2,79.3,1079.0,268.0
991,20.8,81.0,956.000002,280.0
992,20.7,76.2,841.000009,271.000001
993,21.5,77.1,926.0,318.0
994,22.2,76.1,1012.999991,361.0
995,20.8,75.4,966.999997,95.000002
996,21.8,78.4,921.0,135.0
997,21.8,79.5,975.000006,88.000001
998,22.9,74.8,843.000012,175.999995
999,25.1,68.0,815.0,109.0
1000,24.3,82.7,922.000001,114.0
1001,23.0,77.2,941.999995,56.0
1002,21.1,72.9,768.0,17.0
1003,17.7,82.1,724.999999,0.0
1004,18.7,83.1,700.000002,0.0
1005,18.7,83.3,713.0,0.0
1006,18.7,83.7,694.999999,0.0
1007,17.9,85.2,683.000001,0.0
1008,17.8,85.4,693.0,0.0
1009,17.7,85.5,677.000001,0.0
1010,17.8,84.1,704.999997,0.0
1011,18.2,83.6,680.0,0.0
1012,18.2,84.9,704.0,0.0
1013,20.7,79.2,879.000006,281.0
1014,21.1,82.6,980.0,271.0
1015,21.2,81.6,978.000008,281.0
1016,21.3,80.9,1043.999984,272.000001
1017,21.1,79.0,853.0,317.0
1018,20.7,79.3,1015.000016,64.999999
1019,21.4,80.9,891.999996,79.999998
1020,25.7,83.5,923.0,187.0
1021,28.1,81.3,1247.000006,192.0
1022,27.1,78.2,830.000017,184.0
1023,25.9,74.5,988.0,119.0
1024,24.9,82.5,1111.999982,117.0
1025,24.2,75.6,1125.000002,59.999999
1026,21.5,76.1,844.0,0.0
1027,19.6,81.4,703.000002,0.0
1028,20.0,83.4,694.999998,0.0
1029,19.5,83.8,669.0,0.0
1030,19.2,84.3,659.000001,0.0
1031,18.7,84.3,654.000002,0.0
1032,17.8,86.3,684.0,0.0
1033,17.8,84.5,673.999999,0.0
1034,17.9,83.9,677.999998,0.0
1035,17.8,83.4,653.0,0.0
1036,17.9,82.7,664.0,0.0
1037,18.1,82.8,655.0,0.0
1038,17.8,82.7,641.0,0.0
1039,17.7,82.7,620.0,0.0
1040,21.1,75.1,900.999999,267.0
1041,20.0,80.8,933.0,68.0
1042,21.6,77.6,934.000014,114.0
1043,24.4,80.7,995.999991,197.999999
1044,25.0,81.3,877.0,195.0
1045,24.7,80.2,975.999997,162.999999
1046,22.8,72.6,840.000021,125.0
1047,22.5,73.5,955.0,113.0
1048,21.1,76.7,879.000005,64.000001
1049,20.4,73.8,931.0,33.0
1050,18.9,84.1,878.0,14.0
1051,19.0,84.6,771.000003,0.0
1052,19.5,83.8,749.999999,0.0
1053,19.6,83.6,689.0,0.0
1054,19.6,84.2,659.000001,0.0
1055,19.5,84.3,631.000001,0.0
1056,18.7,87.4,615.0,0.0
1057,17.8,90.0,621.0,0.0
1058,18.2,88.8,597.000001,0.0
1059,18.0,89.4,594.0,0.0
1060,17.9,87.9,598.999999,0.0
1061,20.3,82.1,904.999997,282.0
1062,20.5,81.8,917.0,268.0
1063,20.3,82.7,965.0,264.0
1064,19.6,77.2,866.00001,274.000002
1065,19.9,75.3,996.0,288.0
1066,21.0,80.4,1165.999983,175.999994
1067,23.5,73.4,1071.999984,116.000008
1068,24.7,80.6,990.0,298.0
1069,28.1,83.5,966.999984,220.0
1070,27.4,76.8,871.000008,202.0
1071,28.6,80.6,819.0,163.0
1072,26.9,82.1,845.000008,114.0
1073,24.3,72.1,844.000014,61.0
1074,21.6,73.9,801.0,21.0
1075,19.2,80.9,703.999998,0.0
1076,18.8,83.1,674.000002,0.0
1077,18.3,83.6,689.0,0.0
1078,17.8,83.9,682.999996,0.0
1079,17.7,83.4,658.999999,0.0
1080,17.8,82.6,656.0,0.0
1081,17.7,82.3,652.000001,0.0
1082,18.1,81.6,664.0,0.0
1083,18.0,81.5,648.0,0.0
1084,18.1,81.5,673.999999,0.0
1085,20.2,76.8,904.000003,260.000002
1086,20.3,79.7,915.0,281.0
1087,20.1,82.7,986.000002,281.0
1088,20.6,83.1,875.000005,290.000002
1089,20.2,83.9,990.0,70.0
1090,21.4,78.3,875.99999,115.0
1091,25.4,81.8,1196.000015,148.0
1092,25.4,81.8,1196.000015,148.0
1093,25.9,74.7,470.000001,225.0
1094,27.6,79.6,451.999999,209.999999
1095,25.9,75.6,443.0,171.0
1096,25.4,84.6,444.000001,116.000001
1097,23.3,72.3,460.0,66.0
1098,21.2,75.5,475.0,22.0
1099,19.8,74.6,488.999999,0.0
1100,18.1,84.1,500.999999,0.0
1101,17.0,87.8,502.0,0.0
1102,16.1,89.6,509.000001,0.0
1103,15.4,90.4,518.999999,0.0
1104,15.0,91.1,522.0,0.0
1105,14.5,91.6,525.000001,0.0
1106,14.0,91.9,531.000001,0.0
1107,13.6,92.1,533.0,0.0
1108,13.3,92.3,534.0,0.0
1109,13.0,92.5,543.0,0.0
1110,12.5,92.3,532.0,0.0
1111,12.3,92.6,543.0,0.0
1112,12.5,92.3,542.000001,29.0
1113,14.7,90.8,538.0,73.0
1114,18.9,83.6,501.000002,123.0
1115,21.9,78.999999,480.999999,160.000001
1116,23.3,79.0,457.0,234.0
1117,24.5,77.199999,447.999999,249.0
1118,24.9,78.4,441.000001,228.0
1119,24.4,78.8,443.0,185.0
1120,24.1,66.6,439.000001,132.000001
1121,22.2,77.899999,454.999999,75.999999
1122,20.1,75.4,466.0,24.0
1123,18.9,75.4,475.000001,0.0
1124,17.3,81.4,481.0,0.0
1125,16.0,84.8,487.0,0.0
1126,15.1,86.8,493.000001,0.0
1127,14.3,88.6,502.0,0.0
1128,13.8,89.6,511.0,0.0
1129,13.3,90.3,513.0,0.0
1130,12.9,90.8,518.0,0.0
1131,12.4,91.1,515.0,0.0
1132,12.1,91.4,525.999999,0.0
1133,11.7,91.6,525.999999,0.0
1134,11.6,91.8,528.0,0.0
1135,11.3,92.1,523.000001,0.0
1136,11.6,92.6,523.0,30.000002
1137,13.8,89.2,517.0,83.0
1138,15.2,86.4,511.999999,91.0
1139,15.5,85.1,506.0,62.000004
1140,19.1,76.2,482.0,144.0
1141,20.2,79.7,472.0,207.999996
1142,22.2,73.0,457.000001,214.000009
1143,22.4,80.3,455.0,136.0
1144,20.2,79.7,460.000001,87.000003
1145,19.2,76.1,474.0,22.0
1146,17.5,80.1,489.0,21.0
1147,15.7,84.9,503.0,0.0
1148,14.0,87.6,520.000002,0.0
1149,13.0,88.8,532.0,0.0
1150,12.2,89.7,538.0,0.0
1151,11.5,89.8,549.0,0.0
1152,11.6,90.7,555.0,0.0
